filename,lat,lon,name,source,captured_at
mapillary_279043570568051.jpg,18.484490742942,73.886344343738,"Location (18.4845, 73.8863)",mapillary,1514087174707
mapillary_768716970509992.jpg,18.484525029842,73.886456864427,"Location (18.4845, 73.8865)",mapillary,1514087173640
mapillary_2120799784726712.jpg,18.489655826,73.886674983,"Location (18.4897, 73.8867)",mapillary,1514115706471
mapillary_222354776321407.jpg,18.489788530409,73.886621856331,"Location (18.4898, 73.8866)",mapillary,1514115708431
mapillary_151144200304855.jpg,18.489304212988,73.886801463252,"Location (18.4893, 73.8868)",mapillary,1514115701793
mapillary_990603805012665.jpg,18.489391721092,73.886767757237,"Location (18.4894, 73.8868)",mapillary,1514115703383
mapillary_1480052182343583.jpg,18.489210025907,73.886849501109,"Location (18.4892, 73.8868)",mapillary,1514115700044
mapillary_832648047602160.jpg,18.491616730102,73.885960718878,"Location (18.4916, 73.8860)",mapillary,1514115727007
mapillary_573730693597438.jpg,18.491465641171,73.886029997421,"Location (18.4915, 73.8860)",mapillary,1514115725577
mapillary_1377939405938253.jpg,18.490969018318,73.886218772616,"Location (18.4910, 73.8862)",mapillary,1514115721167
mapillary_1821024154722069.jpg,18.49129221797,73.886093633706,"Location (18.4913, 73.8861)",mapillary,1514115723757
mapillary_1149130272258840.jpg,18.4926076631,73.8852181235,"Location (18.4926, 73.8852)",mapillary,1514115737145
mapillary_199408358494396.jpg,18.493552590667,73.884380213143,"Location (18.4936, 73.8844)",mapillary,1514115752163
mapillary_475537857013653.jpg,18.49244328837,73.885366584791,"Location (18.4924, 73.8854)",mapillary,1514115735445
mapillary_261813048915296.jpg,18.49441160478,73.883724049859,"Location (18.4944, 73.8837)",mapillary,1514115762264
mapillary_2391885210956973.jpg,18.493267846915,73.884637516515,"Location (18.4933, 73.8846)",mapillary,1514115745299
mapillary_291397219103396.jpg,18.493194386166,73.884708191897,"Location (18.4932, 73.8847)",mapillary,1514115743656
mapillary_508793147025985.jpg,18.493327366018,73.884586038781,"Location (18.4933, 73.8846)",mapillary,1514115746928
mapillary_178955927414607.jpg,18.493930156641,73.884105212891,"Location (18.4939, 73.8841)",mapillary,1514115756957
mapillary_208616464121992.jpg,18.493792526154,73.884202949864,"Location (18.4938, 73.8842)",mapillary,1514115755295
mapillary_291615912444783.jpg,18.494233121117,73.883880639441,"Location (18.4942, 73.8839)",mapillary,1514115760337
mapillary_248248817086978.jpg,18.495752023367,73.882504504592,"Location (18.4958, 73.8825)",mapillary,1514115777024
mapillary_1145525002527706.jpg,18.496298489655,73.881988215764,"Location (18.4963, 73.8820)",mapillary,1514115784462
mapillary_133338058829435.jpg,18.496431089788,73.88189068635,"Location (18.4964, 73.8819)",mapillary,1514115787588
mapillary_385349212547534.jpg,18.497009912452,73.881471466571,"Location (18.4970, 73.8815)",mapillary,1514115798215
mapillary_4225771917473755.jpg,18.4968533513,73.881584931412,"Location (18.4969, 73.8816)",mapillary,1514115795817
mapillary_490007225481923.jpg,18.495878943071,73.882350253739,"Location (18.4959, 73.8824)",mapillary,1514115778672
mapillary_789356705303301.jpg,18.498029888418,73.880791146122,"Location (18.4980, 73.8808)",mapillary,1514115814044
mapillary_166973335328567.jpg,18.498543615422,73.880414168253,"Location (18.4985, 73.8804)",mapillary,1514115821521
mapillary_170744118169221.jpg,18.498974004367,73.880067155873,"Location (18.4990, 73.8801)",mapillary,1514115829080
mapillary_468843177722827.jpg,18.499162864223,73.879968616716,"Location (18.4992, 73.8800)",mapillary,1514115831192
mapillary_1090311581455218.jpg,18.4975913,73.881062934783,"Location (18.4976, 73.8811)",mapillary,1514115808167
mapillary_175603841103047.jpg,18.497845708243,73.880902324512,"Location (18.4978, 73.8809)",mapillary,1514115812424
mapillary_1000844942005881.jpg,18.4898741,73.8317788,"Location (18.4899, 73.8318)",mapillary,1742524802756
mapillary_1073905399768552.jpg,18.489913990679,73.831862177609,"Location (18.4899, 73.8319)",mapillary,1543033988887
mapillary_685119870614265.jpg,18.4917969,73.833856,"Location (18.4918, 73.8339)",mapillary,1740915068108
mapillary_720592694231196.jpg,18.49181621038,73.833825419231,"Location (18.4918, 73.8338)",mapillary,1768801670051
mapillary_1015926453926971.jpg,18.4908959,73.8330163,"Location (18.4909, 73.8330)",mapillary,1740915079139
mapillary_1130447528368895.jpg,18.491022007582,73.833039782264,"Location (18.4910, 73.8330)",mapillary,1711075790065
mapillary_1367624991088162.jpg,18.5060739,73.9136526,"Location (18.5061, 73.9137)",mapillary,1740913833124
mapillary_1455204995956039.jpg,18.506221173641,73.913465337171,"Location (18.5062, 73.9135)",mapillary,1770641722040
mapillary_1001968565154905.jpg,18.5062391,73.9115381,"Location (18.5062, 73.9115)",mapillary,1740913855091
mapillary_1155441759006281.jpg,18.5062517,73.9111656,"Location (18.5063, 73.9112)",mapillary,1740913858086
mapillary_1113639475801693.jpg,18.50671105,73.89713742,"Location (18.5067, 73.8971)",mapillary,1435306217712
mapillary_147313524003281.jpg,18.50671105,73.89713742,"Location (18.5067, 73.8971)",mapillary,1435306207684
mapillary_3842680786029209.jpg,18.507542288031,73.897934918195,"Location (18.5075, 73.8979)",mapillary,1770641367043
mapillary_1127751591038212.jpg,18.506258,73.8243218,"Location (18.5063, 73.8243)",mapillary,1601779708295
mapillary_151020940365341.jpg,18.506179048072,73.824700069612,"Location (18.5062, 73.8247)",mapillary,1542839463178
mapillary_1391983744502148.jpg,18.505289965455,73.82326786,"Location (18.5053, 73.8233)",mapillary,1546085256261
mapillary_785659252339385.jpg,18.505323991457,73.823375939698,"Location (18.5053, 73.8234)",mapillary,1546085257320
mapillary_320515879602571.jpg,18.505001863234,73.822536518641,"Location (18.5050, 73.8225)",mapillary,1546085248365
mapillary_1097637187413994.jpg,18.511833012867,73.914391381155,"Location (18.5118, 73.9144)",mapillary,1572179563285
mapillary_1104029053617777.jpg,18.512017271602,73.914421989337,"Location (18.5120, 73.9144)",mapillary,1672129714677
mapillary_1155878865916889.jpg,18.5005178,73.8448314,"Location (18.5005, 73.8448)",mapillary,1740914873158
mapillary_1022273096436040.jpg,18.5007052,73.8450707,"Location (18.5007, 73.8451)",mapillary,1740914870187
mapillary_1201944308714712.jpg,18.500714575272,73.844955485953,"Location (18.5007, 73.8450)",mapillary,1768801917041
mapillary_1051513683378540.jpg,18.508773827076,73.84377882481,"Location (18.5088, 73.8438)",mapillary,1730095043796
mapillary_1162606988418442.jpg,18.508819871759,73.843818632124,"Location (18.5088, 73.8438)",mapillary,1711076217665
mapillary_1011676452907728.jpg,18.508726815705,73.843946093945,"Location (18.5087, 73.8439)",mapillary,1558851970256
mapillary_1001354895262161.jpg,18.5074072,73.8442424,"Location (18.5074, 73.8442)",mapillary,1742525141745
mapillary_1067884961550336.jpg,18.507664770925,73.844149849315,"Location (18.5077, 73.8441)",mapillary,1730095010826
mapillary_27372195992424784.jpg,18.507854358707,73.844096058462,"Location (18.5079, 73.8441)",mapillary,1730095013798
mapillary_1001814991823821.jpg,18.508375031811,73.844002775493,"Location (18.5084, 73.8440)",mapillary,1739250187036
mapillary_161644915911962.jpg,18.496026978905,73.857918621805,"Location (18.4960, 73.8579)",mapillary,1572178496960
mapillary_1017911075413048.jpg,18.502148289154,73.875479510846,Azam Campus,mapillary,1572178828140
mapillary_1145596893450040.jpg,18.502062,73.8755546,"Location (18.5021, 73.8756)",mapillary,1740914472278
mapillary_2536700713204310.jpg,18.5033063,73.879758,"Location (18.5033, 73.8798)",mapillary,1740914368135
mapillary_1234761056957547.jpg,18.512841255133,73.91572661037,"Location (18.5128, 73.9157)",mapillary,1572179587881
mapillary_154858529938680.jpg,18.512832705553,73.9156565493,"Location (18.5128, 73.9157)",mapillary,1572179592687
mapillary_4461316857230372.jpg,18.512578897694,73.915277416143,"Location (18.5126, 73.9153)",mapillary,1572179582847
mapillary_1278594576533809.jpg,18.5019016,73.8749039,"Location (18.5019, 73.8749)",mapillary,1740914480043
mapillary_1306822474205998.jpg,18.5018911,73.8747701,"Location (18.5019, 73.8748)",mapillary,1740914482043
mapillary_1132389947265873.jpg,18.502212878086,73.875877273457,"Location (18.5022, 73.8759)",mapillary,1543034830929
mapillary_1167091054351162.jpg,18.5021172,73.8758195,"Location (18.5021, 73.8758)",mapillary,1740914469145
mapillary_1023206032663032.jpg,18.5018825,73.8746312,"Location (18.5019, 73.8746)",mapillary,1740914484041
mapillary_1042543229485708.jpg,18.50202004,73.87466408,"Location (18.5020, 73.8747)",mapillary,1516270907695
mapillary_1166546063846167.jpg,18.50384028601,73.878591245589,"Location (18.5038, 73.8786)",mapillary,1572178875016
mapillary_136452225129816.jpg,18.50388153,73.87849938,"Location (18.5039, 73.8785)",mapillary,1435516026276
mapillary_163775198886008.jpg,18.501823982057,73.878956248164,"Location (18.5018, 73.8790)",mapillary,1514115860088
mapillary_2970040639882336.jpg,18.50223206263,73.878792669729,"Location (18.5022, 73.8788)",mapillary,1514115866822
mapillary_1191599194628750.jpg,18.501271459172,73.879144476294,"Location (18.5013, 73.8791)",mapillary,1514115853255
mapillary_127763429343814.jpg,18.501415080829,73.879104231606,"Location (18.5014, 73.8791)",mapillary,1514115854776
mapillary_173347597988228.jpg,18.500755806446,73.879338685972,"Location (18.5008, 73.8793)",mapillary,1514115848079
mapillary_283515443408280.jpg,18.500612145208,73.879376331171,"Location (18.5006, 73.8794)",mapillary,1514115846605
mapillary_1013027464064568.jpg,18.5013004,73.8545995,"Location (18.5013, 73.8546)",mapillary,1740914674098
mapillary_1319876249251650.jpg,18.5006849,73.8539901,"Location (18.5007, 73.8540)",mapillary,1740914690219
mapillary_1182354613887400.jpg,18.5016232,73.8541841,Lokashahir Annabhau Sathe,mapillary,1769946480423
mapillary_1444338217027402.jpg,18.501733561505,73.853854264447,"Location (18.5017, 73.8539)",mapillary,1768802129033
mapillary_1105408029944417.jpg,18.501229797034,73.854966065254,"Location (18.5012, 73.8550)",mapillary,1572170496677
mapillary_1228162244265854.jpg,18.50448353,73.88142353,"Location (18.5045, 73.8814)",mapillary,1435306510024
mapillary_1304372360787834.jpg,18.5045519,73.881517,"Location (18.5046, 73.8815)",mapillary,1740914336108
mapillary_1209503246190026.jpg,18.50477345,73.88204842,"Location (18.5048, 73.8820)",mapillary,1435306494249
mapillary_1933736393818342.jpg,18.5047462,73.8819888,"Location (18.5047, 73.8820)",mapillary,1740914328078
mapillary_1101754913638760.jpg,18.510229799278,73.829137091221,"Location (18.5102, 73.8291)",mapillary,1542839589192
mapillary_180708573921890.jpg,18.510163096272,73.829091809079,"Location (18.5102, 73.8291)",mapillary,1542839587197
mapillary_1876447762515439.jpg,18.510602078195,73.829400352231,"Location (18.5106, 73.8294)",mapillary,1546085414413
mapillary_256247325938310.jpg,18.510484175967,73.829278335438,"Location (18.5105, 73.8293)",mapillary,1546085409261
mapillary_2825342651114486.jpg,18.510518891283,73.829312923115,"Location (18.5105, 73.8293)",mapillary,1546085410321
mapillary_1013550837614374.jpg,18.5061032,73.8837345,"Location (18.5061, 73.8837)",mapillary,1740914302149
mapillary_1134417025098871.jpg,18.506051,73.8836938,"Location (18.5061, 73.8837)",mapillary,1740914303124
mapillary_1005415711649735.jpg,18.5064933,73.8845908,"Location (18.5065, 73.8846)",mapillary,1740914282238
mapillary_1175857487517025.jpg,18.506589,73.8846004,"Location (18.5066, 73.8846)",mapillary,1745659492126
mapillary_1308085560473912.jpg,18.5051818,73.8827505,"Location (18.5052, 73.8828)",mapillary,1740914317147
mapillary_1383737679479056.jpg,18.5053692,73.8830669,"Location (18.5054, 73.8831)",mapillary,1740914313051
mapillary_1135028415330108.jpg,18.5050159,73.8824629,"Location (18.5050, 73.8825)",mapillary,1740914321079
mapillary_1153493346274839.jpg,18.5050555,73.8825264,"Location (18.5051, 73.8825)",mapillary,1740914320078
mapillary_4048561328537414.jpg,18.506047579281,73.881918478383,Pulgate,mapillary,1516967108534
mapillary_1183104283656718.jpg,18.5045992,73.8816382,"Location (18.5046, 73.8816)",mapillary,1740914334242
mapillary_1308492420355450.jpg,18.5046499,73.8817558,"Location (18.5046, 73.8818)",mapillary,1740914332042
mapillary_1408603414342674.jpg,18.5097806,73.8333432,"Location (18.5098, 73.8333)",mapillary,1770099781077
mapillary_1588313349256826.jpg,18.5097209,73.833126,Rajmal Lakhichand Jewellers,mapillary,1768464332235
mapillary_1079378757659779.jpg,18.509966,73.8336956,"Location (18.5100, 73.8337)",mapillary,1770099787088
mapillary_1229978109058239.jpg,18.5099373,73.8335415,Gogate Petrol Pump,mapillary,1768464338249
mapillary_1044924962699764.jpg,18.50957648,73.83299616,"Location (18.5096, 73.8330)",mapillary,1435514871979
mapillary_117921127018453.jpg,18.512560717672,73.914996750736,"Location (18.5126, 73.9150)",mapillary,1572179606064
mapillary_136640901844222.jpg,18.511696819882,73.914343076772,"Location (18.5117, 73.9143)",mapillary,1572179561804
mapillary_1044250289317270.jpg,18.5103803,73.83446934,"Location (18.5104, 73.8345)",mapillary,1435514907673
mapillary_1216901810632345.jpg,18.5102842,73.8343224,"Location (18.5103, 73.8343)",mapillary,1770099851219
mapillary_1217694086356706.jpg,18.5100726,73.8339244,"Location (18.5101, 73.8339)",mapillary,1768464368303
mapillary_1239710521599451.jpg,18.5099983,73.834045,"Location (18.5100, 73.8340)",mapillary,1769519717929
mapillary_1147733005732577.jpg,18.505259432111,73.858779832904,"Location (18.5053, 73.8588)",mapillary,1516270624909
mapillary_491426898946972.jpg,18.505164989011,73.858794541459,"Location (18.5052, 73.8588)",mapillary,1516270626655
mapillary_1218425485553480.jpg,18.504849966667,73.858895,"Location (18.5048, 73.8589)",mapillary,1498935778105
mapillary_308941340788848.jpg,18.50535734878,73.858756256098,"Location (18.5054, 73.8588)",mapillary,1516270623095
mapillary_2852182095031651.jpg,18.505584752793,73.858714115692,"Location (18.5056, 73.8587)",mapillary,1516270619393
mapillary_1122933534874418.jpg,18.5122043172,73.8289402976,FTII,mapillary,1546085443482
mapillary_1354738041564619.jpg,18.51203843,73.82900557,"Location (18.5120, 73.8290)",mapillary,1454419121041
mapillary_159902249408922.jpg,18.513625251593,73.828557567729,"Facethetics - Dental, Facial Cosmetics(BOTOX), & Hair Transplant Clinique",mapillary,1514462670878
mapillary_1201385626979050.jpg,18.512250912435,73.828968710972,"Location (18.5123, 73.8290)",mapillary,1514462687921
mapillary_1081788212342307.jpg,18.50734631,73.85094433,My Speech & Hearing Clinic,mapillary,1435306995879
mapillary_145268567500504.jpg,18.50751438,73.85111679,"Location (18.5075, 73.8511)",mapillary,1435515450004
mapillary_1471715673186894.jpg,18.507549322133,73.850465635312,"Location (18.5075, 73.8505)",mapillary,1558851670644
mapillary_1060025658763667.jpg,18.510057186577,73.843319824047,"Location (18.5101, 73.8433)",mapillary,1730095059772
mapillary_1064360918699984.jpg,18.51016662003,73.843285265365,"Location (18.5102, 73.8433)",mapillary,1730095061770
mapillary_1212440279719246.jpg,18.508828500976,73.843857711071,"Location (18.5088, 73.8439)",mapillary,1712150061765
mapillary_135843061818799.jpg,18.510302842074,73.846520851663,Dr. Chetan Deshmukh,mapillary,1558851785699
mapillary_290508286127699.jpg,18.51043322,73.84633297,Deshmukh Clinic & Research Centre,mapillary,1435515311836
mapillary_139928911485871.jpg,18.508175860808,73.844179857576,"Location (18.5082, 73.8442)",mapillary,1558851989115
mapillary_1432684810463313.jpg,18.508147933074,73.844180214008,"Location (18.5081, 73.8442)",mapillary,1558851990107
mapillary_1187357960180557.jpg,18.5116089,73.8374535,Abasaheb Garware College,mapillary,1769519587970
mapillary_1200149772303844.jpg,18.5116862,73.8372915,"Location (18.5117, 73.8373)",mapillary,1770099903319
mapillary_1255688016424358.jpg,18.5120671,73.8383039,"Location (18.5121, 73.8383)",mapillary,1769519533891
mapillary_1426222308885079.jpg,18.5121096,73.8383767,"Location (18.5121, 73.8384)",mapillary,1769519532934
mapillary_2615973652029029.jpg,18.509872115178,73.83896271004,"Location (18.5099, 73.8390)",mapillary,1539912814291
mapillary_154257976653340.jpg,18.509799841031,73.838896000297,"Location (18.5098, 73.8389)",mapillary,1539912813104
mapillary_1816721811812289.jpg,18.510340487078,73.839394984294,"Location (18.5103, 73.8394)",mapillary,1539912821361
mapillary_260436815819119.jpg,18.51046356012,73.839510007816,"Location (18.5105, 73.8395)",mapillary,1539912823264
mapillary_209289107452781.jpg,18.509513952594,73.838562693591,"Location (18.5095, 73.8386)",mapillary,1539912808218
mapillary_374346020592705.jpg,18.509448718482,73.838505245554,"Location (18.5094, 73.8385)",mapillary,1539912807043
mapillary_191791322792468.jpg,18.509341068966,73.838413331133,"Location (18.5093, 73.8384)",mapillary,1539912805110
mapillary_222140295962844.jpg,18.50901562619,73.838085267857,"Location (18.5090, 73.8381)",mapillary,1539912800993
mapillary_897757797440847.jpg,18.508933890631,73.838001075764,"Location (18.5089, 73.8380)",mapillary,1539912800136
mapillary_1133259447149395.jpg,18.506392895607,73.878544988213,"Location (18.5064, 73.8785)",mapillary,1572178903103
mapillary_2526336427673935.jpg,18.506233033739,73.878547885166,"Location (18.5062, 73.8785)",mapillary,1572178901344
mapillary_1372561497330571.jpg,18.5081695,73.8794147,"Location (18.5082, 73.8794)",mapillary,1745659250047
mapillary_1005360958402279.jpg,18.5082239,73.8794419,"Location (18.5082, 73.8794)",mapillary,1745659249161
mapillary_1241153471244352.jpg,18.5112088,73.8363051,"Location (18.5112, 73.8363)",mapillary,1768464396351
mapillary_1259609506031999.jpg,18.5111629,73.8365122,Dr Barve's The Bone and Joint Clinic,mapillary,1769519601877
mapillary_1122348821611520.jpg,18.51069234,73.83550466,Dr Barve's The Bone and Joint Clinic,mapillary,1435307348948
mapillary_1915285029358139.jpg,18.51069,73.8355446,Dr Barve's The Bone and Joint Clinic,mapillary,1769519625996
mapillary_1222934291480870.jpg,18.511816151959,73.844385891546,"Location (18.5118, 73.8444)",mapillary,1558851829556
mapillary_176731684343877.jpg,18.511824617556,73.844318080019,"Location (18.5118, 73.8443)",mapillary,1558851830639
mapillary_1084773203369411.jpg,18.510566101146,73.843189305457,"Location (18.5106, 73.8432)",mapillary,1730095068786
mapillary_1089118518978977.jpg,18.510576272705,73.843264017181,"Location (18.5106, 73.8433)",mapillary,1712150008745
mapillary_813492406210521.jpg,18.509864068213,73.843335596587,"Location (18.5099, 73.8433)",mapillary,1571111322488
mapillary_1620628814795873.jpg,18.509828915519,73.843361879878,"Location (18.5098, 73.8434)",mapillary,1571111320813
mapillary_163055799096414.jpg,18.509882095774,73.843322117574,"Location (18.5099, 73.8433)",mapillary,1571111323347
mapillary_1444625612567119.jpg,18.510182454945,73.846738389011,"Location (18.5102, 73.8467)",mapillary,1558851775644
mapillary_160509615934965.jpg,18.510221686047,73.846678576744,"Location (18.5102, 73.8467)",mapillary,1558851778742
mapillary_115132933958215.jpg,18.510689649105,73.845993806163,"Location (18.5107, 73.8460)",mapillary,1558851796630
mapillary_1806935996161480.jpg,18.510770439879,73.845913439879,Deshmukh Clinic & Research Centre,mapillary,1558851798637
mapillary_1164599412044457.jpg,18.507760669575,73.853205967711,"Location (18.5078, 73.8532)",mapillary,1737807007239
mapillary_1081418732352282.jpg,18.51507656294,73.828880001553,"Location (18.5151, 73.8289)",mapillary,1546085526268
mapillary_1141362406327450.jpg,18.51517189021,73.828890672128,"Location (18.5152, 73.8289)",mapillary,1546085543323
mapillary_1108960416293703.jpg,18.515844915578,73.829067233668,National Film Archive of India,mapillary,1546085570275
mapillary_1125857344549563.jpg,18.515401373327,73.828879707755,"Location (18.5154, 73.8289)",mapillary,1542839778300
mapillary_1191637044611387.jpg,18.511859326316,73.829046812955,"Location (18.5119, 73.8290)",mapillary,1514462691815
mapillary_150545063632378.jpg,18.5113530125,73.82920605,"Location (18.5114, 73.8292)",mapillary,1546085430392
mapillary_1428300407523723.jpg,18.511255470445,73.829297740289,"Location (18.5113, 73.8293)",mapillary,1542839660164
mapillary_1108346616336455.jpg,18.511141660945,73.829359937417,"Location (18.5111, 73.8294)",mapillary,1542839658219
mapillary_1004117533713793.jpg,18.510979429071,73.829363958442,"Location (18.5110, 73.8294)",mapillary,1546085424431
mapillary_1016612960391940.jpg,18.5117715,73.8433743,"Location (18.5118, 73.8434)",mapillary,1742525202697
mapillary_1213665523544464.jpg,18.5116875,73.8433136,"Location (18.5117, 73.8433)",mapillary,1742525201698
mapillary_1172899987031931.jpg,18.511448888332,73.843216563676,"Location (18.5114, 73.8432)",mapillary,1711076252012
mapillary_1104599514071338.jpg,18.512938951013,73.843862171599,"Location (18.5129, 73.8439)",mapillary,1709704403829
mapillary_1113766700114926.jpg,18.513632789993,73.844571452907,"Location (18.5136, 73.8446)",mapillary,1730095240755
mapillary_1077833850472426.jpg,18.513984853879,73.844814840667,"Location (18.5140, 73.8448)",mapillary,1730095249758
mapillary_1212567353760805.jpg,18.5139945,73.8448461,"Location (18.5140, 73.8448)",mapillary,1742525353763
mapillary_129546099213165.jpg,18.5130306449,73.8456386946,"Location (18.5130, 73.8456)",mapillary,1516268483766
mapillary_1203283130105346.jpg,18.513671852381,73.845919989286,Zudio,mapillary,1516268455348
mapillary_1079572787643564.jpg,18.5131664,73.8408833,Savarkar Memorial,mapillary,1769519492999
mapillary_1202671898686257.jpg,18.5132022,73.8409499,Savarkar Memorial,mapillary,1769519491956
mapillary_1175424931449528.jpg,18.5131252,73.8404055,"Location (18.5131, 73.8404)",mapillary,1770099955427
mapillary_1252869550234086.jpg,18.5131392,73.8403816,"Location (18.5131, 73.8404)",mapillary,1768464460439
mapillary_1209159274126252.jpg,18.5134353,73.8413438,"Location (18.5134, 73.8413)",mapillary,1769519483999
mapillary_1213819573579235.jpg,18.5138186,73.8414305,"Location (18.5138, 73.8414)",mapillary,1768464474461
mapillary_1208994504265492.jpg,18.5131283,73.8799513,"Location (18.5131, 73.8800)",mapillary,1745659163119
mapillary_1210716360445390.jpg,18.5130921,73.8799578,"Location (18.5131, 73.8800)",mapillary,1745659164092
mapillary_1041410381377148.jpg,18.5141417,73.8797422,Kumar Pavilion,mapillary,1745659137124
mapillary_1209309447503568.jpg,18.5145258,73.8797421,"Location (18.5145, 73.8797)",mapillary,1745659132095
mapillary_1127059382217274.jpg,18.510484957244,73.854668391756,Adarsh Vidyalay,mapillary,1737807021220
mapillary_1268262281133616.jpg,18.510626162857,73.854739793333,"Location (18.5106, 73.8547)",mapillary,1737807021487
mapillary_1155804809393008.jpg,18.511764769414,73.855150839475,"Location (18.5118, 73.8552)",mapillary,1737807023088
mapillary_1313029566386312.jpg,18.511844618182,73.855178787273,"Location (18.5118, 73.8552)",mapillary,1737807023222
mapillary_1381245020157930.jpg,18.51042125768,73.8537256908,"Location (18.5104, 73.8537)",mapillary,1768802303028
mapillary_465192691417890.jpg,18.513854260096,73.847017585577,Zudio,mapillary,1516268434788
mapillary_196312298869735.jpg,18.513387293648,73.845456827334,"Location (18.5134, 73.8455)",mapillary,1516268468891
mapillary_1641618129372655.jpg,18.509827333871,73.868231233871,"Location (18.5098, 73.8682)",mapillary,1572170143013
mapillary_217658553218126.jpg,18.509820839022,73.868225586264,"Location (18.5098, 73.8682)",mapillary,1572170142280
mapillary_1220242935060686.jpg,18.511465438203,73.868545730333,"Location (18.5115, 73.8685)",mapillary,1572170114144
mapillary_141499981298293.jpg,18.511571085212,73.868553349762,"Location (18.5116, 73.8686)",mapillary,1572170112467
mapillary_300897188251543.jpg,18.510591507028,73.86837561506,"Location (18.5106, 73.8684)",mapillary,1572170129067
mapillary_318291503220745.jpg,18.510644344071,73.86838324596,"Location (18.5106, 73.8684)",mapillary,1572170127617
mapillary_1655910444614817.jpg,18.510336510547,73.868314699801,"Location (18.5103, 73.8683)",mapillary,1572170135075
mapillary_219233479710967.jpg,18.510566387402,73.868369282677,"Location (18.5106, 73.8684)",mapillary,1572170129785
mapillary_170286141566845.jpg,18.513472763928,73.857212702204,"Location (18.5135, 73.8572)",mapillary,1516270102086
mapillary_263916015481844.jpg,18.513512957101,73.85718822429,"Location (18.5135, 73.8572)",mapillary,1516270100015
mapillary_327347082067414.jpg,18.513400197974,73.857286025329,"Location (18.5134, 73.8573)",mapillary,1516270107613
mapillary_219192476310788.jpg,18.513669362486,73.85312863818,"Location (18.5137, 73.8531)",mapillary,1516269551304
mapillary_2967138026864591.jpg,18.513674125624,73.853040497025,"Location (18.5137, 73.8530)",mapillary,1516269549712
mapillary_3902615156489638.jpg,18.51460474,73.85321316,His Highness Chintamanrao Patwardhan Highschool,mapillary,1454425586563
mapillary_159842492741996.jpg,18.513653640691,73.852784682917,"Location (18.5137, 73.8528)",mapillary,1516269545716
mapillary_252004313325322.jpg,18.514893046939,73.849935756111,"Location (18.5149, 73.8499)",mapillary,1520051779731
mapillary_311072140369937.jpg,18.514903145743,73.849877995085,"Location (18.5149, 73.8499)",mapillary,1520051784027
mapillary_1133206530962276.jpg,18.513539966667,73.856226666667,"Location (18.5135, 73.8562)",mapillary,1498937339082
mapillary_162673605796879.jpg,18.513562579161,73.856497394046,"Location (18.5136, 73.8565)",mapillary,1516270070999
mapillary_752101252120588.jpg,18.513727229389,73.852152154771,"Location (18.5137, 73.8522)",mapillary,1516269532742
mapillary_1795324333969926.jpg,18.514811219302,73.854656523203,"Location (18.5148, 73.8547)",mapillary,1514466429548
mapillary_175247201150095.jpg,18.515081105204,73.850084247441,"Location (18.5151, 73.8501)",mapillary,1516267422096
mapillary_497730988086598.jpg,18.517985279079,73.850104184937,"Location (18.5180, 73.8501)",mapillary,1518246907181
mapillary_239396747982049.jpg,18.518551368364,73.849889975416,"Location (18.5186, 73.8499)",mapillary,1518246888635
mapillary_217850933135546.jpg,18.513703047782,73.853433309375,"Location (18.5137, 73.8534)",mapillary,1516269559404
mapillary_746650739366108.jpg,18.513679215733,73.85364839903,"Location (18.5137, 73.8536)",mapillary,1516269608258
mapillary_373883190686863.jpg,18.513675103636,73.853230770909,"Location (18.5137, 73.8532)",mapillary,1516269552950
mapillary_1267724434313254.jpg,18.514631680061,73.855857093354,"Location (18.5146, 73.8559)",mapillary,1737807094059
mapillary_1110450907484044.jpg,18.514215900606,73.855729266801,"Location (18.5142, 73.8557)",mapillary,1737807066832
mapillary_1113788476911058.jpg,18.514232654167,73.855704206667,"Location (18.5142, 73.8557)",mapillary,1737807074973
mapillary_1464522473910337.jpg,18.515261714286,73.85567232381,"Location (18.5153, 73.8557)",mapillary,1514466399180
mapillary_214752410066231.jpg,18.515296603284,73.85572051403,"Location (18.5153, 73.8557)",mapillary,1514466398096
mapillary_1150251806611632.jpg,18.516221538036,73.8567332,"Location (18.5162, 73.8567)",mapillary,1737807127259
mapillary_280418780497092.jpg,18.514998557707,73.854933331423,"Location (18.5150, 73.8549)",mapillary,1514466420209
mapillary_1397988251605350.jpg,18.519854770095,73.843470402754,Hotel Shreyas,mapillary,1771213703031
mapillary_1421867382754619.jpg,18.519660801718,73.843387024491,Hotel Shreyas,mapillary,1771213700030
mapillary_1221655202934829.jpg,18.518326265054,73.842833258729,Joshi Hospital,mapillary,1771213676039
mapillary_1253693843375248.jpg,18.518160640069,73.842767186885,Joshi Hospital,mapillary,1771213673035
mapillary_1396642501679497.jpg,18.517625518942,73.842552276752,Joshi Hospital,mapillary,1771213662032
mapillary_1490794445712189.jpg,18.517717807543,73.842588592356,Joshi Hospital,mapillary,1771213664029
mapillary_1057378136404667.jpg,18.516590585422,73.841703211644,"Location (18.5166, 73.8417)",mapillary,1737797227731
mapillary_1280479293236042.jpg,18.516927183183,73.841569757727,"Location (18.5169, 73.8416)",mapillary,1737797252923
mapillary_1570113163698676.jpg,18.5197711,73.8484174,"Location (18.5198, 73.8484)",mapillary,1742525431746
mapillary_1573202666846780.jpg,18.519761973162,73.84841890891,"Location (18.5198, 73.8484)",mapillary,1711076401811
mapillary_1105263653293335.jpg,18.519134315385,73.849714311637,"Location (18.5191, 73.8497)",mapillary,1518246868640
mapillary_180999057235757.jpg,18.518880321503,73.849809501044,"Location (18.5189, 73.8498)",mapillary,1518246875580
mapillary_1008045338000218.jpg,18.5202014,73.8489904,"Location (18.5202, 73.8490)",mapillary,1742525443676
mapillary_106342771539213.jpg,18.520596577756,73.850711256914,"Location (18.5206, 73.8507)",mapillary,1539912972552
mapillary_1075560787398883.jpg,18.520436914948,73.850185237558,"Location (18.5204, 73.8502)",mapillary,1730095447438
mapillary_157078109753551.jpg,18.519753934578,73.849739692141,"Location (18.5198, 73.8497)",mapillary,1518246857044
mapillary_287287839643259.jpg,18.51966511571,73.849727453676,"Location (18.5197, 73.8497)",mapillary,1518246858587
mapillary_134586599382372.jpg,18.519408333333,73.855358333333,"Location (18.5194, 73.8554)",mapillary,1548586266000
mapillary_188144496510931.jpg,18.518627642857,73.856924985714,Lal Mahal,mapillary,1571839585187
mapillary_236707728684229.jpg,18.519195,73.856083333333,Shaniwar Wada,mapillary,1548584972000
mapillary_1257269956271027.jpg,18.518226784056,73.8562275,"Location (18.5182, 73.8562)",mapillary,1769415961084
mapillary_2309301626258967.jpg,18.51819970163,73.856224799185,"Location (18.5182, 73.8562)",mapillary,1769415969692
mapillary_1215361107446158.jpg,18.5179877,73.8540762,"Location (18.5180, 73.8541)",mapillary,1769947102477
mapillary_1254814576523646.jpg,18.517712,73.8540617,"Location (18.5177, 73.8541)",mapillary,1769947094450
mapillary_1093854969205151.jpg,18.520455254545,73.846248611273,"Location (18.5205, 73.8462)",mapillary,1737797146283
mapillary_1149364306836356.jpg,18.520399927976,73.846185275529,"Location (18.5204, 73.8462)",mapillary,1737797150755
mapillary_1448318192173639.jpg,18.519659387349,73.845477025301,"Location (18.5197, 73.8455)",mapillary,1571110986457
mapillary_2015516618961392.jpg,18.519621034392,73.845576434392,"Location (18.5196, 73.8456)",mapillary,1737797234572
mapillary_1114829697048868.jpg,18.523061185,73.841865280833,"Location (18.5231, 73.8419)",mapillary,1737797235172
mapillary_1128514248738519.jpg,18.523156093571,73.84182204373,"Location (18.5232, 73.8418)",mapillary,1737797245549
mapillary_2376494309469600.jpg,18.521417747623,73.844026322624,"Location (18.5214, 73.8440)",mapillary,1771213728029
mapillary_2397374027342835.jpg,18.521269354701,73.843971380693,Hotel Ramee Grand,mapillary,1771213726031
mapillary_1477733350639614.jpg,18.523445570347,73.844052151744,"Location (18.5234, 73.8441)",mapillary,1771213771032
mapillary_1471228254599592.jpg,18.521195250723,73.843946076995,Hotel Ramee Grand,mapillary,1771213725027
mapillary_1417341099391539.jpg,18.52101740357,73.84389560491,Hotel Ramee Grand,mapillary,1771213723032
mapillary_1253734406694366.jpg,18.520935550288,73.843860891109,Hotel Ramee Grand,mapillary,1771213722029
mapillary_1266457712004505.jpg,18.523177728627,73.84450291707,Deccan Rendezvous,mapillary,1771213760801
mapillary_1317015180237141.jpg,18.52321252185,73.844500467322,Deccan Rendezvous,mapillary,1771213762004
mapillary_1065898733263615.jpg,18.52389331826,73.843915652807,"Location (18.5239, 73.8439)",mapillary,1771213781036
mapillary_1134571611505641.jpg,18.524400652455,73.843284044272,Sinkar Cardiac Care,mapillary,1737796904642
mapillary_2331180260580089.jpg,18.524389658038,73.843310050354,Sinkar Cardiac Care,mapillary,1737796906511
mapillary_1273899317963668.jpg,18.522756191176,73.84442530239,Deccan Rendezvous,mapillary,1771213752025
mapillary_1379033540920385.jpg,18.522880020044,73.844449862416,Deccan Rendezvous,mapillary,1771213754025
mapillary_1157110203016938.jpg,18.523392473973,73.844202724664,"Location (18.5234, 73.8442)",mapillary,1771213768026
mapillary_1268622085156766.jpg,18.523296304351,73.844415674679,"Location (18.5233, 73.8444)",mapillary,1771213764030
mapillary_1120408856490789.jpg,18.523886280968,73.842054384084,"Location (18.5239, 73.8421)",mapillary,1737797295499
mapillary_1138932817672489.jpg,18.523798421334,73.842288935999,"Location (18.5238, 73.8423)",mapillary,1737797326397
mapillary_1274556587895583.jpg,18.523662564053,73.843940650767,"Location (18.5237, 73.8439)",mapillary,1771213776028
mapillary_1342071273912327.jpg,18.523700239717,73.845684779434,Mahatma Phule Vastu Sangrahalaya,mapillary,1737797105810
mapillary_1058651691494561.jpg,18.527039299972,73.838269699972,"Location (18.5270, 73.8383)",mapillary,1663942204018
mapillary_109064685233546.jpg,18.527115999972,73.837982299972,"Location (18.5271, 73.8380)",mapillary,1663942200018
mapillary_1102517647039776.jpg,18.527149,73.8378698,"Location (18.5271, 73.8379)",mapillary,1663942197068
mapillary_105769244940533.jpg,18.521695261953,73.877134941913,"Location (18.5217, 73.8771)",mapillary,1572169769326
mapillary_141624091318648.jpg,18.52180809312,73.876849694439,"Location (18.5218, 73.8768)",mapillary,1572169772818
mapillary_1062902258663093.jpg,18.522157652269,73.853197600276,"Location (18.5222, 73.8532)",mapillary,1730095514230
mapillary_1215654246832955.jpg,18.5221115,73.8532344,"Location (18.5221, 73.8532)",mapillary,1742525518759
mapillary_1074892163571006.jpg,18.523434894299,73.852915754524,"Location (18.5234, 73.8529)",mapillary,1711076524917
mapillary_1217385509592496.jpg,18.5233703,73.8528996,"Location (18.5234, 73.8529)",mapillary,1742525538688
mapillary_1101808277785727.jpg,18.524035399998,73.849023899999,Premium Point,mapillary,1716345262568
mapillary_1463217742127908.jpg,18.524224571623,73.858273725389,"Location (18.5242, 73.8583)",mapillary,1768802735044
mapillary_1387516629839005.jpg,18.523288398775,73.857107093118,"Location (18.5233, 73.8571)",mapillary,1768802667038
mapillary_1216630243756754.jpg,18.523113468557,73.856962112381,"Location (18.5231, 73.8570)",mapillary,1768802665038
mapillary_1093051144522965.jpg,18.523010061176,73.856860441176,"Location (18.5230, 73.8569)",mapillary,1539913067542
mapillary_1206261741694077.jpg,18.522314243905,73.856235563598,"Location (18.5223, 73.8562)",mapillary,1768802656029
mapillary_1563084861394864.jpg,18.522064702702,73.855998085843,"Location (18.5221, 73.8560)",mapillary,1768802653032
mapillary_1010993210904348.jpg,18.525743,73.8531692,"Location (18.5257, 73.8532)",mapillary,1742525578778
mapillary_1091661945412145.jpg,18.525673265807,73.853272008112,"Location (18.5257, 73.8533)",mapillary,1711076581520
mapillary_1053971289848914.jpg,18.5301281,73.8325677,"Location (18.5301, 73.8326)",mapillary,1726351006189
mapillary_1241189773542220.jpg,18.5300734,73.8325815,"Location (18.5301, 73.8326)",mapillary,1726351004754
mapillary_1032544738657350.jpg,18.5294801,73.8327041,"Location (18.5295, 73.8327)",mapillary,1726350992925
mapillary_1055810376546473.jpg,18.5293232,73.8325879,"Location (18.5293, 73.8326)",mapillary,1726350986847
mapillary_3703070329957882.jpg,18.5291647,73.8313754,M Oswal and Sons,mapillary,1726350968654
mapillary_3821886038140276.jpg,18.5291507,73.8313098,M Oswal and Sons,mapillary,1726350967931
mapillary_1526268064946544.jpg,18.5299641,73.8326078,"Location (18.5300, 73.8326)",mapillary,1726351002698
mapillary_1156256219027398.jpg,18.526190699998,73.852956300002,"Location (18.5262, 73.8530)",mapillary,1716259852388
mapillary_1223401883270278.jpg,18.5261367,73.8529879,"Location (18.5261, 73.8530)",mapillary,1769947502343
mapillary_1070227821510706.jpg,18.526366910065,73.852658151271,"Location (18.5264, 73.8527)",mapillary,1730095759774
mapillary_1104634901271536.jpg,18.52642264433,73.852606009039,"Location (18.5264, 73.8526)",mapillary,1730095762265
mapillary_1259698326034795.jpg,18.527556560669,73.849326304071,"Location (18.5276, 73.8493)",mapillary,1771213978037
mapillary_1283887707130630.jpg,18.527583999346,73.849366239398,"Location (18.5276, 73.8494)",mapillary,1771213979108
mapillary_1390124395953003.jpg,18.524113222064,73.858111757324,"Location (18.5241, 73.8581)",mapillary,1768802728031
mapillary_154191189981322.jpg,18.524202864653,73.858244304028,"Location (18.5242, 73.8582)",mapillary,1539913087664
mapillary_4071838619539420.jpg,18.524110474653,73.85809636802,"Location (18.5241, 73.8581)",mapillary,1539913085603
mapillary_1227077102260404.jpg,18.523154468455,73.8883113969,"Location (18.5232, 73.8883)",mapillary,1770641021025
mapillary_1405466147707736.jpg,18.523153856834,73.888445386513,"Location (18.5232, 73.8884)",mapillary,1770641023034
mapillary_1595284181673715.jpg,18.523912565188,73.887624972499,"Location (18.5239, 73.8876)",mapillary,1770641005043
mapillary_1648533059646250.jpg,18.524078358232,73.887530816878,"Location (18.5241, 73.8875)",mapillary,1770641003039
mapillary_1026831362042255.jpg,18.5233874,73.8856064,"Location (18.5234, 73.8856)",mapillary,1670246674576
mapillary_1233083908387073.jpg,18.523152301143,73.888512202763,"Location (18.5232, 73.8885)",mapillary,1770641024031
mapillary_194071746511438.jpg,18.523489999972,73.884759399972,"Location (18.5235, 73.8848)",mapillary,1670246640542
mapillary_204498868649970.jpg,18.5234278,73.88522,"Location (18.5234, 73.8852)",mapillary,1670246646548
mapillary_507112914525429.jpg,18.523448599972,73.8850687,"Location (18.5234, 73.8851)",mapillary,1670246644546
mapillary_673651467643793.jpg,18.523600399972,73.883950999972,"Location (18.5236, 73.8840)",mapillary,1670246632534
mapillary_493683479263002.jpg,18.523572999972,73.884171899972,"Location (18.5236, 73.8842)",mapillary,1670246634536
mapillary_823063905648062.jpg,18.523542899972,73.884392099972,"Location (18.5235, 73.8844)",mapillary,1670246636538
mapillary_1142778976603513.jpg,18.5235173,73.884588899972,"Location (18.5235, 73.8846)",mapillary,1670246638540
mapillary_1107094439801774.jpg,18.523638828886,73.882874953829,"Location (18.5236, 73.8829)",mapillary,1572169131499
mapillary_1123031184846022.jpg,18.523537899998,73.8828055,"Location (18.5235, 73.8828)",mapillary,1572169135872
mapillary_1238023044972797.jpg,18.5302851,73.849066,"Location (18.5303, 73.8491)",mapillary,1769947593408
mapillary_1254379323259813.jpg,18.5302536,73.8492527,"Location (18.5303, 73.8493)",mapillary,1769947591406
mapillary_1627154314710333.jpg,18.530090700002,73.850816,"Location (18.5301, 73.8508)",mapillary,1716259698337
mapillary_794192906007923.jpg,18.530109799998,73.8507472,"Location (18.5301, 73.8507)",mapillary,1716259697303
mapillary_1244023133863382.jpg,18.52914855338,73.849937608968,"Location (18.5291, 73.8499)",mapillary,1771214030043
mapillary_255232903055948.jpg,18.529148312673,73.849841621584,"Location (18.5291, 73.8498)",mapillary,1571463490032
mapillary_1139504416551247.jpg,18.531001871134,73.829978501654,"Location (18.5310, 73.8300)",mapillary,1542840134238
mapillary_1178197635981182.jpg,18.530941813327,73.829977303069,"Location (18.5309, 73.8300)",mapillary,1542840133173
mapillary_1039739954309904.jpg,18.5324025,73.8322262,"Location (18.5324, 73.8322)",mapillary,1726351042849
mapillary_1267045258000309.jpg,18.5322514,73.8322652,"Location (18.5323, 73.8323)",mapillary,1726351041018
mapillary_1281890943194785.jpg,18.5328769,73.8321158,"Location (18.5329, 73.8321)",mapillary,1726351050971
mapillary_136397208483426.jpg,18.532852399972,73.832018099972,"Location (18.5329, 73.8320)",mapillary,1562350723000
mapillary_1025243652613973.jpg,18.5292425,73.8319505,M Oswal and Sons,mapillary,1726350976950
mapillary_1030585425201543.jpg,18.5292631,73.8321504,M Oswal and Sons,mapillary,1726350979941
mapillary_1027353052190457.jpg,18.5311224,73.8324401,"Location (18.5311, 73.8324)",mapillary,1726351021630
mapillary_1031352261615326.jpg,18.5308577,73.8324806,"Location (18.5309, 73.8325)",mapillary,1726351016689
mapillary_1815752201939508.jpg,18.5316662,73.831575499972,"Location (18.5317, 73.8316)",mapillary,1562350563000
mapillary_2968412646816327.jpg,18.5316064,73.831458299972,"Location (18.5316, 73.8315)",mapillary,1562350548000
mapillary_1240172316439558.jpg,18.52393754832,73.881974423814,"Location (18.5239, 73.8820)",mapillary,1572169107664
mapillary_1269008776977920.jpg,18.5239121,73.8821692,"Location (18.5239, 73.8822)",mapillary,1670246604506
mapillary_1379112486229411.jpg,18.5237091,73.883252499972,"Location (18.5237, 73.8833)",mapillary,1670246624526
mapillary_1682960292099079.jpg,18.523659699972,73.883558899972,"Location (18.5237, 73.8836)",mapillary,1670246628530
mapillary_139328568911358.jpg,18.5264655,73.8657788,"Location (18.5265, 73.8658)",mapillary,1670246190092
mapillary_1183269088781961.jpg,18.523832013013,73.882640816852,"Location (18.5238, 73.8826)",mapillary,1572169120078
mapillary_1347244909348836.jpg,18.523871299972,73.882378799972,"Location (18.5239, 73.8824)",mapillary,1670246608510
mapillary_148274451314781.jpg,18.524185599972,73.880875099972,"Location (18.5242, 73.8809)",mapillary,1670246586488
mapillary_546741243994311.jpg,18.523735399972,73.88311,"Location (18.5237, 73.8831)",mapillary,1670246622524
mapillary_1000902690314130.jpg,18.532937511518,73.841563980628,"Location (18.5329, 73.8416)",mapillary,1571463627516
mapillary_1189723845808117.jpg,18.5329245,73.841703900002,"Location (18.5329, 73.8417)",mapillary,1716431358790
mapillary_1447181482303196.jpg,18.524429872372,73.879468481582,yashpujari,mapillary,1572169068452
mapillary_292528082512214.jpg,18.52845650059,73.878209314454,"Location (18.5285, 73.8782)",mapillary,1572167956303
mapillary_309060210658948.jpg,18.528479889116,73.878573908163,"Location (18.5285, 73.8786)",mapillary,1572167952638
mapillary_1198910394307958.jpg,18.5248054,73.892689,"Location (18.5248, 73.8927)",mapillary,1670246866768
mapillary_3377960112493800.jpg,18.524735599972,73.892505499972,"Location (18.5247, 73.8925)",mapillary,1670246864766
mapillary_1550594492031511.jpg,18.525096099972,73.8934543,"Location (18.5251, 73.8935)",mapillary,1670246878780
mapillary_126464463395634.jpg,18.5249825,73.8931206,"Location (18.5250, 73.8931)",mapillary,1670246872774
mapillary_1172792086966438.jpg,18.524203299972,73.890944099972,"Location (18.5242, 73.8909)",mapillary,1670246840742
mapillary_207415055014363.jpg,18.524233899972,73.891044399972,"Location (18.5242, 73.8910)",mapillary,1670246842744
mapillary_132654126260658.jpg,18.524546,73.891958599972,"Location (18.5245, 73.8920)",mapillary,1670246858760
mapillary_3272271009750306.jpg,18.5246053,73.8921274,"Location (18.5246, 73.8921)",mapillary,1670246860762
mapillary_1281147199376276.jpg,18.5250516,73.8933015,"Location (18.5251, 73.8933)",mapillary,1670246876778
mapillary_1415738772128877.jpg,18.532178399972,73.828812299972,"Location (18.5322, 73.8288)",mapillary,1562421168000
mapillary_170846328287259.jpg,18.532297499972,73.8288239,"Location (18.5323, 73.8288)",mapillary,1562421178000
mapillary_1002112520324759.jpg,18.5329924,73.8278882,"Location (18.5330, 73.8279)",mapillary,1562421288000
mapillary_2082633052235756.jpg,18.5238407,73.8764549,Dr Leena Hiremath,mapillary,1745646253130
mapillary_1445910280390364.jpg,18.527415847452,73.862440794719,"Location (18.5274, 73.8624)",mapillary,1768802801029
mapillary_154468006640046.jpg,18.535455514508,73.83015202139,"Location (18.5355, 73.8302)",mapillary,1542840306174
mapillary_959580114851593.jpg,18.535503444094,73.830152738086,"Location (18.5355, 73.8302)",mapillary,1546086300255
mapillary_139375814789966.jpg,18.5345224,73.8296875,The Pavillion,mapillary,1562423220000
mapillary_1041227019616527.jpg,18.535081852817,73.830110641549,"Location (18.5351, 73.8301)",mapillary,1546086295642
mapillary_291551395938206.jpg,18.535249710847,73.830122875357,"Location (18.5352, 73.8301)",mapillary,1546086297430
mapillary_1090623854920310.jpg,18.527197399972,73.8980655,"Location (18.5272, 73.8981)",mapillary,1670247627528
mapillary_1484707442011917.jpg,18.5267313,73.8969665,"Location (18.5267, 73.8970)",mapillary,1670246936838
mapillary_2976365182667175.jpg,18.5264001,73.8965378,"Location (18.5264, 73.8965)",mapillary,1670246922824
mapillary_107768818777733.jpg,18.5271012,73.8971077,"Location (18.5271, 73.8971)",mapillary,1670247401302
mapillary_1318896905610168.jpg,18.528003399972,73.900077499972,"Location (18.5280, 73.9001)",mapillary,1670247677578
mapillary_1200511294180149.jpg,18.5281516,73.9002384,"Location (18.5282, 73.9002)",mapillary,1670247683584
mapillary_1076230989739883.jpg,18.5273368,73.8976377,"Location (18.5273, 73.8976)",mapillary,1670247563464
mapillary_107772885444435.jpg,18.5273639,73.8974893,"Location (18.5274, 73.8975)",mapillary,1670247505406
mapillary_1121523231876713.jpg,18.5268073,73.8969993,"Location (18.5268, 73.8970)",mapillary,1670246938840
mapillary_1112608229445542.jpg,18.5282483,73.9003668,"Location (18.5282, 73.9004)",mapillary,1670247687588
mapillary_186460306673633.jpg,18.536380699972,73.8329484,"Location (18.5364, 73.8329)",mapillary,1562351158000
mapillary_534989361199831.jpg,18.536376499972,73.833034699972,"Location (18.5364, 73.8330)",mapillary,1562351163000
mapillary_1083266982161059.jpg,18.536411699972,73.8338068,Government Polytechnic Pune,mapillary,1562351218000
mapillary_162114589193712.jpg,18.536362199972,73.8333571,"Location (18.5364, 73.8334)",mapillary,1562351188000
mapillary_182973247036308.jpg,18.536516999972,73.833931899972,Symbiosis Center for Distance Learning,mapillary,1562351228000
mapillary_222858379250015.jpg,18.5368682,73.834099499972,Symbiosis Center for Distance Learning,mapillary,1562351253000
mapillary_276374714189482.jpg,18.5371254,73.834225399972,Symbiosis Center for Distance Learning,mapillary,1562351273000
mapillary_140253728040795.jpg,18.5279836,73.8753688,"Location (18.5280, 73.8754)",mapillary,1572168023718
mapillary_1003728903499207.jpg,18.529642838028,73.863017171831,"Location (18.5296, 73.8630)",mapillary,1574129170917
mapillary_1115765472221289.jpg,18.529646150201,73.86293473012,"Location (18.5296, 73.8629)",mapillary,1574129172184
mapillary_1138741056552409.jpg,18.528434371779,73.877839281595,"Location (18.5284, 73.8778)",mapillary,1572167959786
mapillary_1268927073501646.jpg,18.5284824,73.8777983,"Location (18.5285, 73.8778)",mapillary,1540124571671
mapillary_305367111058961.jpg,18.528438257,73.8780641121,"Location (18.5284, 73.8781)",mapillary,1572167957681
mapillary_1111389024070456.jpg,18.5277134,73.8762225,"Location (18.5277, 73.8762)",mapillary,1745646174123
mapillary_1140187077863427.jpg,18.5279223,73.8762412,"Location (18.5279, 73.8762)",mapillary,1745646171166
mapillary_1454847261536068.jpg,18.528417527566,73.877192984164,"Location (18.5284, 73.8772)",mapillary,1572167966129
mapillary_148205210614341.jpg,18.52842891996,73.877318957086,"Location (18.5284, 73.8773)",mapillary,1572167964729
mapillary_1226677732334281.jpg,18.530140561297,73.879217589521,"Location (18.5301, 73.8792)",mapillary,1770640844031
mapillary_1260279722646823.jpg,18.529908414841,73.879250451906,"Location (18.5299, 73.8793)",mapillary,1770640846035
mapillary_1377896646990856.jpg,18.53207240337,73.879063473866,"Location (18.5321, 73.8791)",mapillary,1770640826041
mapillary_153960376667883.jpg,18.531966685833,73.879081845833,"Location (18.5320, 73.8791)",mapillary,1540124461700
mapillary_1095337082518703.jpg,18.5334434,73.8784987,"Location (18.5334, 73.8785)",mapillary,1745645658201
mapillary_1194030112850622.jpg,18.533418836871,73.878455577469,"Location (18.5334, 73.8785)",mapillary,1768803190036
mapillary_1018385408695182.jpg,18.524672983702,73.878550667404,"Location (18.5247, 73.8786)",mapillary,1572169015945
mapillary_1028228114378861.jpg,18.5246695,73.878528887968,"Location (18.5247, 73.8785)",mapillary,1572168950235
mapillary_1133078263840362.jpg,18.524356623017,73.879794648776,"Location (18.5244, 73.8798)",mapillary,1572169072044
mapillary_1088002568349684.jpg,18.529177587317,73.879339502439,"Location (18.5292, 73.8793)",mapillary,1540124492590
mapillary_1153227451766743.jpg,18.529235848527,73.879337572986,"Location (18.5292, 73.8793)",mapillary,1540124490754
mapillary_1453105202918048.jpg,18.528550034937,73.879826146766,"Location (18.5286, 73.8798)",mapillary,1770640869038
mapillary_1557271645498311.jpg,18.528550924213,73.87992602919,"Location (18.5286, 73.8799)",mapillary,1770640870036
mapillary_1108672091321011.jpg,18.528528589977,73.882830600504,"Location (18.5285, 73.8828)",mapillary,1770640903045
mapillary_1298710142068644.jpg,18.528536127025,73.882684065407,"Location (18.5285, 73.8827)",mapillary,1770640901044
mapillary_1232966752140630.jpg,18.52851431307,73.883112005008,"Location (18.5285, 73.8831)",mapillary,1770640907035
mapillary_1391450445461487.jpg,18.528507503143,73.883247258545,"Location (18.5285, 73.8832)",mapillary,1770640909034
mapillary_1694270225284250.jpg,18.528533999369,73.881296398033,"Location (18.5285, 73.8813)",mapillary,1770640885035
mapillary_2085500612287928.jpg,18.528535400618,73.881504609207,"Location (18.5285, 73.8815)",mapillary,1770640887040
mapillary_1390721082851733.jpg,18.528520558952,73.883045670767,"Location (18.5285, 73.8830)",mapillary,1770640906039
mapillary_1578599286587392.jpg,18.528523840477,73.882978671807,"Location (18.5285, 73.8830)",mapillary,1770640905034
mapillary_1626667804991552.jpg,18.5285246322,73.882907506533,"Location (18.5285, 73.8829)",mapillary,1770640904032
mapillary_1265083358856591.jpg,18.528407392166,73.884447801786,"Location (18.5284, 73.8844)",mapillary,1770640925030
mapillary_1596704324853489.jpg,18.52842553141,73.884273875119,"Location (18.5284, 73.8843)",mapillary,1770640923030
mapillary_1417373320030989.jpg,18.5296753,73.9030971,"Location (18.5297, 73.9031)",mapillary,1770274040158
mapillary_1956699778563411.jpg,18.5296874,73.9030299,"Location (18.5297, 73.9030)",mapillary,1770274039157
mapillary_197844996074860.jpg,18.5303016,73.902579599972,"Location (18.5303, 73.9026)",mapillary,1670247751652
mapillary_219008213884880.jpg,18.5303524,73.90263,"Location (18.5304, 73.9026)",mapillary,1670247753654
mapillary_1195002876180897.jpg,18.5290921,73.9021061,"Location (18.5291, 73.9021)",mapillary,1770274014124
mapillary_1251340772094058.jpg,18.5289964,73.901739899972,"Location (18.5290, 73.9017)",mapillary,1670247713614
mapillary_1272082704758102.jpg,18.530061886143,73.863993967397,"Location (18.5301, 73.8640)",mapillary,1768802993038
mapillary_1055796573277174.jpg,18.5330197,73.8779448,"Location (18.5330, 73.8779)",mapillary,1745645672119
mapillary_1073144838025891.jpg,18.5330479,73.8779769,"Location (18.5330, 73.8780)",mapillary,1745645671166
mapillary_1128918289181568.jpg,18.533081976956,73.878154314966,"Location (18.5331, 73.8782)",mapillary,1768803177048
mapillary_1213630063709498.jpg,18.5330813,73.8780132,"Location (18.5331, 73.8780)",mapillary,1745645670117
mapillary_1192556656364152.jpg,18.532275384337,73.87904674788,"Location (18.5323, 73.8790)",mapillary,1770640824036
mapillary_1282926017067534.jpg,18.53237994685,73.879037740471,"Location (18.5324, 73.8790)",mapillary,1770640823034
mapillary_1022756926105146.jpg,18.5336189,73.8786438,"Location (18.5336, 73.8786)",mapillary,1745645654108
mapillary_123282086431608.jpg,18.533881219461,73.878947658683,"Location (18.5339, 73.8789)",mapillary,1539913353129
mapillary_1001053693760175.jpg,18.534076008853,73.879196632998,"Location (18.5341, 73.8792)",mapillary,1540124431588
mapillary_1020711748460972.jpg,18.534278890534,73.879351130916,"Location (18.5343, 73.8794)",mapillary,1574128751422
mapillary_1156859909525746.jpg,18.5343574,73.8792423,Bharat Petroleum,mapillary,1745645639191
mapillary_297930218450976.jpg,18.535492269176,73.880102344557,"Location (18.5355, 73.8801)",mapillary,1539913372188
mapillary_1197729603991877.jpg,18.537383578175,73.881302604762,"Location (18.5374, 73.8813)",mapillary,1539913392108
mapillary_1230039312432417.jpg,18.5388449,73.904459,"Location (18.5388, 73.9045)",mapillary,1770274381778
mapillary_1261023959256157.jpg,18.5388256,73.9045266,"Location (18.5388, 73.9045)",mapillary,1770274378810
mapillary_1026765555508482.jpg,18.5386127,73.8855152,"Vivanta By Taj - Blue Diamond, Pune",mapillary,1745645508126
mapillary_1031309958950074.jpg,18.539529,73.8872543,"Location (18.5395, 73.8873)",mapillary,1745645455117
mapillary_1046316637390608.jpg,18.539547,73.8874328,"Location (18.5395, 73.8874)",mapillary,1745645453092
mapillary_1082874923881587.jpg,18.5395773,73.8881924,"Location (18.5396, 73.8882)",mapillary,1742987036484
mapillary_1145052917420469.jpg,18.539588366448,73.887926339671,"Location (18.5396, 73.8879)",mapillary,1742987023042
mapillary_1001233498388960.jpg,18.5396747,73.8900623,"Location (18.5397, 73.8901)",mapillary,1745645421166
mapillary_1008474944513826.jpg,18.5397222,73.8903608,"Location (18.5397, 73.8904)",mapillary,1742987068487
mapillary_1197984159109942.jpg,18.539616521548,73.882902049481,"Location (18.5396, 73.8829)",mapillary,1768803274026
mapillary_1204528223317013.jpg,18.539739775644,73.883035555248,"Location (18.5397, 73.8830)",mapillary,1540124329521
mapillary_1382259495489567.jpg,18.5398676576,73.8828648064,"Location (18.5399, 73.8829)",mapillary,1539913420154
mapillary_138236214984567.jpg,18.539915899411,73.882897811973,"Location (18.5399, 73.8829)",mapillary,1539913421026
mapillary_988903921921399.jpg,18.5401096328,73.88302658,"Location (18.5401, 73.8830)",mapillary,1539913424143
mapillary_134514232027175.jpg,18.540425955823,73.883443481809,"Location (18.5404, 73.8834)",mapillary,1540124315455
mapillary_1372706189751531.jpg,18.540346787133,73.883397406079,"Location (18.5403, 73.8834)",mapillary,1540124317493
mapillary_1000521738277368.jpg,18.540481853314,73.885442031885,Professional Wheels TVS,mapillary,1742986911034
mapillary_1055541356410301.jpg,18.5404008,73.8854879,Professional Wheels TVS,mapillary,1742986912409
mapillary_1010913947595987.jpg,18.552827198923,73.856715861915,"Location (18.5528, 73.8567)",mapillary,1741158508071
mapillary_1155570721584772.jpg,18.5527991448,73.8568571784,"Location (18.5528, 73.8569)",mapillary,1571455720159
mapillary_1054137708443429.jpg,18.553290558668,73.857543470519,"Location (18.5533, 73.8575)",mapillary,1571455712282
mapillary_1011953310830885.jpg,18.551102677561,73.855834642904,"Location (18.5511, 73.8558)",mapillary,1741158483049
mapillary_1012731732863735.jpg,18.551188265482,73.855731395508,"Location (18.5512, 73.8557)",mapillary,1575439293589
mapillary_1126538044512830.jpg,18.544356904563,73.883421874369,"Location (18.5444, 73.8834)",mapillary,1539913473122
mapillary_1257325659612336.jpg,18.544259331297,73.883478862848,"Location (18.5443, 73.8835)",mapillary,1768803374038
mapillary_1051744230126849.jpg,18.544520166456,73.884778349529,"Location (18.5445, 73.8848)",mapillary,1742986849035
mapillary_1002328593635960.jpg,18.544796356958,73.883251349901,"Location (18.5448, 73.8833)",mapillary,1571110243245
mapillary_1409083406135308.jpg,18.5451299999,73.883535290528,"Location (18.5451, 73.8835)",mapillary,1539913484196
mapillary_1149734348847747.jpg,18.548261036842,73.871671986997,"Location (18.5483, 73.8717)",mapillary,1554871817420
mapillary_214617763527439.jpg,18.54831595129,73.871585933433,"Location (18.5483, 73.8716)",mapillary,1554871818510
mapillary_1299304391126032.jpg,18.545490922711,73.887960138702,"Location (18.5455, 73.8880)",mapillary,1742986749038
mapillary_1148511263939272.jpg,18.5554135,73.8617444,"Location (18.5554, 73.8617)",mapillary,1765611958800
mapillary_1176267016866197.jpg,18.555449,73.861657799998,"Location (18.5554, 73.8617)",mapillary,1716260612069
mapillary_1225862069552256.jpg,18.546726652454,73.8865823219,"Location (18.5467, 73.8866)",mapillary,1770195524374
mapillary_1541680593768363.jpg,18.546706234566,73.88661468148,"Location (18.5467, 73.8866)",mapillary,1770195537512
mapillary_1377453363688629.jpg,18.547937747979,73.885855597776,"Location (18.5479, 73.8859)",mapillary,1770195916036
mapillary_1388540679189222.jpg,18.547966680807,73.885841026947,"Location (18.5480, 73.8858)",mapillary,1770195919529
mapillary_1245793277645418.jpg,18.546243779881,73.886829779144,"Location (18.5462, 73.8868)",mapillary,1770195458026
mapillary_1185242091905299.jpg,18.557168123885,73.856860744599,"Location (18.5572, 73.8569)",mapillary,1575113811122
mapillary_1220890582605213.jpg,18.5571905,73.8569715,"Location (18.5572, 73.8570)",mapillary,1716296772985
mapillary_1007494744774773.jpg,18.5566265,73.8595719,"Location (18.5566, 73.8596)",mapillary,1741180026674
mapillary_1029379822365424.jpg,18.556588,73.8596962,"Location (18.5566, 73.8597)",mapillary,1741180023598
mapillary_1371100514711243.jpg,18.5566659,73.8594466,"Location (18.5567, 73.8594)",mapillary,1765513763460
mapillary_1472623193831743.jpg,18.5560466,73.8608656,"Location (18.5560, 73.8609)",mapillary,1765513738520
mapillary_1006156881026716.jpg,18.555413300001,73.861332199546,"Location (18.5554, 73.8613)",mapillary,1716262628387
mapillary_1006724121571235.jpg,18.5554499,73.861541,"Location (18.5554, 73.8615)",mapillary,1741180004630
mapillary_1193930231621693.jpg,18.5554615,73.847690100001,"Location (18.5555, 73.8477)",mapillary,1716297003985
mapillary_1196630074660266.jpg,18.5556176,73.8476068,"Location (18.5556, 73.8476)",mapillary,1716296999935
mapillary_1177739981236356.jpg,18.550165659473,73.885290227385,"Location (18.5502, 73.8853)",mapillary,1770196345038
mapillary_1392861658760203.jpg,18.55011783774,73.88531897527,"Location (18.5501, 73.8853)",mapillary,1770196341038
mapillary_1202061712012423.jpg,18.549598494134,73.885672052938,"Location (18.5496, 73.8857)",mapillary,1770196275034
mapillary_1266095295426136.jpg,18.549624278093,73.885644584471,"Location (18.5496, 73.8856)",mapillary,1770196278038
mapillary_1204451788559250.jpg,18.552456931752,73.883559525937,"Location (18.5525, 73.8836)",mapillary,1770196888619
mapillary_1204576605166119.jpg,18.552666241979,73.883456012776,"Location (18.5527, 73.8835)",mapillary,1770196908300
mapillary_1000565281463185.jpg,18.5517429,73.8955177,"Location (18.5517, 73.8955)",mapillary,1742526241661
mapillary_1067806465390698.jpg,18.5516309,73.8953647,"Location (18.5516, 73.8954)",mapillary,1742526239763
mapillary_1029226789057141.jpg,18.551550902737,73.895583150831,"Location (18.5516, 73.8956)",mapillary,1742986432042
mapillary_1193611712981265.jpg,18.551591068494,73.895286758591,"Location (18.5516, 73.8953)",mapillary,1768803579031
mapillary_1349411523087807.jpg,18.5523884,73.8925701,"Location (18.5524, 73.8926)",mapillary,1765513146550
mapillary_1001420491481565.jpg,18.5530426,73.8806988,"Location (18.5530, 73.8807)",mapillary,1741179630690
mapillary_1005852571652040.jpg,18.553085,73.8803182,Poona Club Golf Course,mapillary,1746413878147
mapillary_1001132831439097.jpg,18.5530818,73.8809451,"Location (18.5531, 73.8809)",mapillary,1741179621660
mapillary_1107996993648038.jpg,18.553186699998,73.880973,Poona Club Golf Course,mapillary,1716262944438
mapillary_1003136013763851.jpg,18.553263675281,73.882454815322,"Location (18.5533, 73.8825)",mapillary,1571455364100
mapillary_1057155742666319.jpg,18.553443100002,73.882669699999,Pandit Jawaharlal Nehru Udyog Kendra,mapillary,1716262958354
mapillary_110149144491260.jpg,18.552199521686,73.890735721227,"The Ritz-Carlton, Pune",mapillary,1570682520651
mapillary_212205417168433.jpg,18.552168799883,73.890757302104,"The Ritz-Carlton, Pune",mapillary,1570682522599
mapillary_641713872364035.jpg,18.5523315,73.8917002,"Location (18.5523, 73.8917)",mapillary,1765513168460
mapillary_1007489026451351.jpg,18.552696687653,73.891741379642,"Location (18.5527, 73.8917)",mapillary,1570682329049
mapillary_1026070802358571.jpg,18.5524563,73.8931258,"Location (18.5525, 73.8931)",mapillary,1746448971190
mapillary_1112623576226118.jpg,18.552445932901,73.893187000698,"Location (18.5524, 73.8932)",mapillary,1571455190121
mapillary_1016301446589131.jpg,18.553201100003,73.8821986,"Location (18.5532, 73.8822)",mapillary,1716296305951
mapillary_1092197104605000.jpg,18.553285303,73.8823063855,"Location (18.5533, 73.8823)",mapillary,1570693258767
mapillary_1241151667967456.jpg,18.553506428466,73.896911943384,"Location (18.5535, 73.8969)",mapillary,1771215528035
mapillary_1285837693425414.jpg,18.553439455695,73.896921078663,"Location (18.5534, 73.8969)",mapillary,1771215529036
mapillary_1002916641407365.jpg,18.552388100001,73.8961645,"Location (18.5524, 73.8962)",mapillary,1716263234412
mapillary_1004754268890115.jpg,18.5521572258,73.896131729327,"Location (18.5522, 73.8961)",mapillary,1768803641039
mapillary_1002383861836920.jpg,18.5518372,73.8961443,"Location (18.5518, 73.8961)",mapillary,1742986425371
mapillary_1102765104955063.jpg,18.551848927806,73.896034642513,"Location (18.5518, 73.8960)",mapillary,1742986426044
mapillary_1221623403280955.jpg,18.553654149764,73.896869139408,"Location (18.5537, 73.8969)",mapillary,1770869606040
mapillary_1233740452231413.jpg,18.554026977596,73.896859933379,"Location (18.5540, 73.8969)",mapillary,1770869594040
mapillary_1244733167796556.jpg,18.554136278034,73.896916282963,"Location (18.5541, 73.8969)",mapillary,1771215510025
mapillary_246409357243217.jpg,18.554955977622,73.892054970829,"Location (18.5550, 73.8921)",mapillary,1514185636141
mapillary_2866492893563923.jpg,18.554589281584,73.89199151604,"Location (18.5546, 73.8920)",mapillary,1514185664515
mapillary_114743427331602.jpg,18.554583391592,73.891681172973,"Location (18.5546, 73.8917)",mapillary,1514185690029
mapillary_177847670883037.jpg,18.554590660109,73.891600344809,"Location (18.5546, 73.8916)",mapillary,1514185695835
mapillary_1031227189193375.jpg,18.555402,73.8904856,"Location (18.5554, 73.8905)",mapillary,1766025727152
mapillary_1246983387487991.jpg,18.555421,73.8904882,"Location (18.5554, 73.8905)",mapillary,1766025721945
mapillary_1027809803744082.jpg,18.554193720907,73.890006345742,"Location (18.5542, 73.8900)",mapillary,1771215253030
mapillary_1347084090065372.jpg,18.5540585,73.8900758,"Location (18.5541, 73.8901)",mapillary,1766025748964
mapillary_1151662010355002.jpg,18.55845066114,73.893892900421,"Location (18.5585, 73.8939)",mapillary,1771215365039
mapillary_1233509592092430.jpg,18.558398019337,73.893914412864,"Location (18.5584, 73.8939)",mapillary,1770869424034
mapillary_1220147946431097.jpg,18.557932922651,73.896066757734,"Location (18.5579, 73.8961)",mapillary,1770869470040
mapillary_1250383853641816.jpg,18.55796416461,73.89578597167,"Location (18.5580, 73.8958)",mapillary,1770869464037
mapillary_1397385075407739.jpg,18.557972319197,73.895695548676,"Location (18.5580, 73.8957)",mapillary,1770869463039
mapillary_1229798542051522.jpg,18.558505025769,73.893746027126,"Location (18.5585, 73.8937)",mapillary,1771215363028
mapillary_1616995216307401.jpg,18.558314104688,73.894135211453,"Location (18.5583, 73.8941)",mapillary,1770869427534
mapillary_1633648687828684.jpg,18.558345589271,73.894200697678,"Location (18.5583, 73.8942)",mapillary,1771215369040
mapillary_1402968753370030.jpg,18.558471054528,73.891145670983,"Location (18.5585, 73.8911)",mapillary,1514186104232
mapillary_226772785448353.jpg,18.558535612544,73.89115273885,"Location (18.5585, 73.8912)",mapillary,1514186108404
mapillary_1428481008856740.jpg,18.557958774221,73.891073331143,"Location (18.5580, 73.8911)",mapillary,1771215286025
mapillary_1201048101785801.jpg,18.559116607096,73.891937487224,"Location (18.5591, 73.8919)",mapillary,1771215339027
mapillary_1567645834506085.jpg,18.559050895026,73.892150601343,"Location (18.5591, 73.8922)",mapillary,1771215342030
mapillary_1159440139441538.jpg,18.556812975168,73.890721866169,"Location (18.5568, 73.8907)",mapillary,1771215276043
mapillary_1229367132159277.jpg,18.557286042931,73.89087059748,"Location (18.5573, 73.8909)",mapillary,1771215280033
mapillary_1098692133972448.jpg,18.555692145896,73.890353643248,Poona Club Golf Course,mapillary,1514185882352
mapillary_1259216466090499.jpg,18.555577660534,73.890395462588,"Location (18.5556, 73.8904)",mapillary,1771215266044
mapillary_174223267944344.jpg,18.555530838356,73.890322569968,"Location (18.5555, 73.8903)",mapillary,1514185868801
mapillary_879944054600213.jpg,18.5597982,73.8917479,"Location (18.5598, 73.8917)",mapillary,1766025660965
mapillary_1410939660026875.jpg,18.558971811308,73.892361930331,"Location (18.5590, 73.8924)",mapillary,1771215345032
mapillary_1415834870059159.jpg,18.563928,73.8936272,"Location (18.5639, 73.8936)",mapillary,1766025571943
mapillary_700751909525394.jpg,18.5638326,73.8935717,"Location (18.5638, 73.8936)",mapillary,1766025572977
mapillary_1055203353567445.jpg,18.5633633,73.8933097,"Location (18.5634, 73.8933)",mapillary,1766025579956
mapillary_1583497189733149.jpg,18.5634594,73.8933547,"Location (18.5635, 73.8934)",mapillary,1766025577990
mapillary_1043793946153239.jpg,18.54869643209,73.850385103631,"Location (18.5487, 73.8504)",mapillary,1570683289836
mapillary_1123885342202979.jpg,18.5486225,73.850174700001,"Location (18.5486, 73.8502)",mapillary,1716260410037
mapillary_150249307005364.jpg,18.519505447863,73.87967042944,"Location (18.5195, 73.8797)",mapillary,1572169210695
mapillary_1551038385085884.jpg,18.519482843396,73.879668659186,"Location (18.5195, 73.8797)",mapillary,1572169313156
mapillary_1217550706580074.jpg,18.517559043696,73.878657978986,"Location (18.5176, 73.8787)",mapillary,1769430663312
mapillary_1255687683289633.jpg,18.517626067578,73.878472837825,"Location (18.5176, 73.8785)",mapillary,1769430643326
mapillary_1205209951788239.jpg,18.51746680934,73.878755314343,"Location (18.5175, 73.8788)",mapillary,1769430677660
mapillary_1393505958533225.jpg,18.517516082,73.878728449667,"Location (18.5175, 73.8787)",mapillary,1769430673289
mapillary_1110809036082300.jpg,18.518515807363,73.879292927861,"Location (18.5185, 73.8793)",mapillary,1572169269551
mapillary_1135071297005343.jpg,18.518512514649,73.879290177314,"Location (18.5185, 73.8793)",mapillary,1572169267335
mapillary_140661541400370.jpg,18.516958839595,73.877281214836,"Location (18.5170, 73.8773)",mapillary,1516937962180
mapillary_145324270880542.jpg,18.516370849398,73.877106960843,"Location (18.5164, 73.8771)",mapillary,1516937954151
mapillary_192024132768459.jpg,18.516595882888,73.873329855984,"Location (18.5166, 73.8733)",mapillary,1516939323452
mapillary_485060546153157.jpg,18.516578847225,73.873509517137,"Location (18.5166, 73.8735)",mapillary,1516939319353
mapillary_1017030660403644.jpg,18.5192093,73.87641,"Location (18.5192, 73.8764)",mapillary,1745658968051
mapillary_2140871836051897.jpg,18.52012161393,73.875622873632,"Location (18.5201, 73.8756)",mapillary,1572169812512
mapillary_138522488269748.jpg,18.519868531775,73.875576785592,"Location (18.5199, 73.8756)",mapillary,1572169815397
mapillary_1416155106245020.jpg,18.5194834,73.8755629,"Location (18.5195, 73.8756)",mapillary,1745658953600
mapillary_625025517199533.jpg,18.5192345,73.8763721,"Location (18.5192, 73.8764)",mapillary,1745658967083
mapillary_161290722509936.jpg,18.51530219004,73.876132867032,"Location (18.5153, 73.8761)",mapillary,1516939266227
mapillary_1900430576775978.jpg,18.515277167164,73.876214440597,"Location (18.5153, 73.8762)",mapillary,1516939265241
mapillary_1676681529189159.jpg,18.515481641434,73.87568938247,"Location (18.5155, 73.8757)",mapillary,1516939273100
mapillary_191776742770303.jpg,18.515557099304,73.875515429217,"Location (18.5156, 73.8755)",mapillary,1516939276145
mapillary_291573905857064.jpg,18.516162248571,73.874443341224,"Location (18.5162, 73.8744)",mapillary,1516939295093
mapillary_1939048919577671.jpg,18.515599150355,73.875390024924,"Location (18.5156, 73.8754)",mapillary,1516939278238
mapillary_1400239737005737.jpg,18.515466323977,73.871162444055,"Location (18.5155, 73.8712)",mapillary,1516939384944
mapillary_2075004299319821.jpg,18.515842821194,73.871147284677,"Location (18.5158, 73.8711)",mapillary,1516939379727
mapillary_171948554840317.jpg,18.516254901476,73.871126118307,"Location (18.5163, 73.8711)",mapillary,1516939370008
mapillary_186198696686635.jpg,18.51616743,73.87102302,"Location (18.5162, 73.8710)",mapillary,1454424858255
mapillary_1411219212589767.jpg,18.516404658268,73.87211121939,"Location (18.5164, 73.8721)",mapillary,1516939346316
mapillary_766388827407944.jpg,18.51540227,73.86667066,"Location (18.5154, 73.8667)",mapillary,1454425088761
mapillary_175910664405792.jpg,18.51536028,73.86615964,"Location (18.5154, 73.8662)",mapillary,1454425105649
mapillary_299448215159348.jpg,18.51544146,73.86805473,"Location (18.5154, 73.8681)",mapillary,1454425038010
mapillary_911460099698147.jpg,18.5156114,73.8645511,"Location (18.5156, 73.8646)",mapillary,1454425149034
mapillary_1760473504132644.jpg,18.51544791,73.8649987,"Location (18.5154, 73.8650)",mapillary,1454425134567
mapillary_1893054160873001.jpg,18.51553141,73.86469963,"Location (18.5155, 73.8647)",mapillary,1454425144888
mapillary_789002996862562.jpg,18.522537349927,73.866887031761,"Location (18.5225, 73.8669)",mapillary,1770365090220
mapillary_1171038663511440.jpg,18.525564599972,73.8675259,"Location (18.5256, 73.8675)",mapillary,1670246260162
mapillary_1189581708602691.jpg,18.525609599972,73.8674551,"Location (18.5256, 73.8675)",mapillary,1670246258160
mapillary_122368490496229.jpg,18.5245499,73.8696335,"Location (18.5245, 73.8696)",mapillary,1670246296198
mapillary_178952154785368.jpg,18.524596299972,73.869532399972,"Location (18.5246, 73.8695)",mapillary,1670246294196
mapillary_186288470648905.jpg,18.525161,73.868365999972,"Location (18.5252, 73.8684)",mapillary,1670246276178
mapillary_147367734713695.jpg,18.5252251,73.8682304,"Location (18.5252, 73.8682)",mapillary,1670246274176
mapillary_1547526336937069.jpg,18.522091474377,73.865828748684,"Location (18.5221, 73.8658)",mapillary,1770365028036
mapillary_1561449168416460.jpg,18.522050758107,73.865797111612,"Location (18.5221, 73.8658)",mapillary,1770365026146
mapillary_2286312058521653.jpg,18.522050758107,73.865797111612,"Location (18.5221, 73.8658)",mapillary,1770365026146
mapillary_1192766933070391.jpg,18.520199915601,73.864063716403,"Location (18.5202, 73.8641)",mapillary,1770364852426
mapillary_1707715553165702.jpg,18.5136006,73.8797929,"Location (18.5136, 73.8798)",mapillary,1745659150129
mapillary_1001679229691112.jpg,18.515122186258,73.879762864376,"Location (18.5151, 73.8798)",mapillary,1769430997395
mapillary_1089333899904495.jpg,18.5152757,73.8796659,"Location (18.5153, 73.8797)",mapillary,1745659122071
mapillary_1233514492073567.jpg,18.516027726333,73.879023505333,"Location (18.5160, 73.8790)",mapillary,1769430895376
mapillary_1239477018133697.jpg,18.515975718479,73.879214120881,"Location (18.5160, 73.8792)",mapillary,1769430913328
mapillary_1010354007403582.jpg,18.5154939,73.8796392,"Location (18.5155, 73.8796)",mapillary,1745659119114
mapillary_1207012658079301.jpg,18.515980347231,73.87964240467,"Location (18.5160, 73.8796)",mapillary,1769430948196
mapillary_1039902864727183.jpg,18.5096913,73.879795,"Location (18.5097, 73.8798)",mapillary,1745659228042
mapillary_1047134900647118.jpg,18.5098028,73.8798124,"Location (18.5098, 73.8798)",mapillary,1745659226040
mapillary_1029910725389733.jpg,18.5248737,73.8296087,Sheti Mahamandal Bhavan,mapillary,1726350889799
mapillary_1044748703777712.jpg,18.5249968,73.8296086,Sheti Mahamandal Bhavan,mapillary,1726350891725
mapillary_1130240494141248.jpg,18.5298793,73.822712699972,"Location (18.5299, 73.8227)",mapillary,1562435674000
mapillary_1595635810641061.jpg,18.5299367,73.822682299972,"Location (18.5299, 73.8227)",mapillary,1562435669000
mapillary_1061404961052187.jpg,18.5321454,73.825952999972,"Location (18.5321, 73.8260)",mapillary,1562422240000
mapillary_2947364252211121.jpg,18.5330046,73.826750799972,"Location (18.5330, 73.8268)",mapillary,1562421388000
mapillary_1194991800922817.jpg,18.534282999972,73.825279899972,"Location (18.5343, 73.8253)",mapillary,1562421883000
mapillary_1209306396168902.jpg,18.5342194,73.825369199972,"Location (18.5342, 73.8254)",mapillary,1562421898000
mapillary_138619881537511.jpg,18.5301614,73.8271383,"Location (18.5302, 73.8271)",mapillary,1562422650000
mapillary_1453446798340028.jpg,18.530267099972,73.8271402,"Location (18.5303, 73.8271)",mapillary,1562422660000
mapillary_1050654690594074.jpg,18.5079811,73.8300436,"Location (18.5080, 73.8300)",mapillary,1769519794997
mapillary_396898541271814.jpg,18.5124295,73.83878515,"Location (18.5124, 73.8388)",mapillary,1435307300892
mapillary_1550558352732744.jpg,18.5122227,73.8385823,"Location (18.5122, 73.8386)",mapillary,1769519529968
mapillary_1194178916174055.jpg,18.5115672,73.8373458,"Location (18.5116, 73.8373)",mapillary,1769519589144
mapillary_1163391145198813.jpg,18.510629917311,73.843205961379,"Location (18.5106, 73.8432)",mapillary,1739250217037
mapillary_1340361588034125.jpg,18.5118918,73.8380503,Abasaheb Garware College,mapillary,1769519538905
mapillary_1403614817960423.jpg,18.512057,73.8379976,"Location (18.5121, 73.8380)",mapillary,1768464428389
mapillary_1423486882519556.jpg,18.5118802,73.837639,"Location (18.5119, 73.8376)",mapillary,1768464422385
mapillary_1442481027277653.jpg,18.5118064,73.8375366,"Location (18.5118, 73.8375)",mapillary,1770099907319
mapillary_1203633194525299.jpg,18.5516554,73.8727774,"Location (18.5517, 73.8728)",mapillary,1765623268216
mapillary_1219812129000502.jpg,18.551573100001,73.872717,"Location (18.5516, 73.8727)",mapillary,1716262755356
mapillary_1022529862553861.jpg,18.552222222222,73.8735615,"Location (18.5522, 73.8736)",mapillary,1716260786090
mapillary_1096902058037096.jpg,18.552235299998,73.873671497585,"Location (18.5522, 73.8737)",mapillary,1716260788954
mapillary_1008771367497283.jpg,18.550118899997,73.8720392,"Location (18.5501, 73.8720)",mapillary,1716296558011
mapillary_1013217100482781.jpg,18.550173100002,73.871816900002,"Location (18.5502, 73.8718)",mapillary,1716262743470
mapillary_1108897312853972.jpg,18.549187763851,73.871289288605,"Location (18.5492, 73.8713)",mapillary,1554871901466
mapillary_1203647724745705.jpg,18.5493735,73.8712419,"Location (18.5494, 73.8712)",mapillary,1746413689116
mapillary_1010033752734018.jpg,18.548970719552,73.871163459776,"Location (18.5490, 73.8712)",mapillary,1554871896342
mapillary_1010911616109840.jpg,18.548810728469,73.870876741007,"Location (18.5488, 73.8709)",mapillary,1571455582873
mapillary_183708450291907.jpg,18.504983087912,73.878454381319,"Location (18.5050, 73.8785)",mapillary,1543034897705
mapillary_227736265370726.jpg,18.504941506165,73.878571289715,"Location (18.5049, 73.8786)",mapillary,1572178887133
mapillary_2870116973254510.jpg,18.50606006166,73.878695366008,"Location (18.5061, 73.8787)",mapillary,1543034913671
mapillary_300577921601688.jpg,18.50632795604,73.878858905049,"Location (18.5063, 73.8789)",mapillary,1543034917796
mapillary_4108060795920709.jpg,18.505795890144,73.878555806909,"Location (18.5058, 73.8786)",mapillary,1572178896534
mapillary_1058439546142138.jpg,18.5035719,73.8801197,"Location (18.5036, 73.8801)",mapillary,1740914363069
mapillary_1130644885471281.jpg,18.5034214,73.879899,"Location (18.5034, 73.8799)",mapillary,1740914366101
mapillary_614869909914372.jpg,18.505935286137,73.881961260201,Pulgate,mapillary,1516967110726
mapillary_509320103441574.jpg,18.498689846084,73.880290192333,"Location (18.4987, 73.8803)",mapillary,1514115824401
mapillary_1393355725654259.jpg,18.5632629,73.8932582,"Location (18.5633, 73.8933)",mapillary,1766025589916
mapillary_109968674495171.jpg,18.484045203347,73.884437434381,"Location (18.4840, 73.8844)",mapillary,1514087191667
mapillary_193546035928903.jpg,18.484030749603,73.884365220238,"Location (18.4840, 73.8844)",mapillary,1514087192568
mapillary_340949604091343.jpg,18.480709057651,73.867464927621,Kalyan Bhel,mapillary,1516967793426
mapillary_2995082307398058.jpg,18.480687186179,73.867945131101,"Location (18.4807, 73.8679)",mapillary,1516967789174
mapillary_216570453565905.jpg,18.48020666506,73.861304637249,"Location (18.4802, 73.8613)",mapillary,1513403273586
mapillary_270309798210340.jpg,18.480500723717,73.861251077721,Bank of Maharashtra,mapillary,1513403276347
mapillary_328472091952584.jpg,18.480486958685,73.862061607271,"Location (18.4805, 73.8621)",mapillary,1516967861851
mapillary_801247543855658.jpg,18.4800464001,73.861958133027,"Location (18.4800, 73.8620)",mapillary,1516967868222
mapillary_132258498934823.jpg,18.480835077052,73.862947573591,"Location (18.4808, 73.8629)",mapillary,1513403308979
mapillary_194098549229097.jpg,18.480837900297,73.862859538812,"Location (18.4808, 73.8629)",mapillary,1513403307993
mapillary_2847290688864569.jpg,18.480804861094,73.863137592139,"Location (18.4808, 73.8631)",mapillary,1513403310978
mapillary_476495056894100.jpg,18.480860414725,73.863012772508,"Location (18.4809, 73.8630)",mapillary,1516967840733
mapillary_848111995916982.jpg,18.480317178416,73.862004572936,"Location (18.4803, 73.8620)",mapillary,1516967864018
mapillary_1024379082618867.jpg,18.5549398,73.8621716,"Location (18.5549, 73.8622)",mapillary,1746413588149
mapillary_1053473625061455.jpg,18.55501004624,73.862112768089,"Location (18.5550, 73.8621)",mapillary,1575113884545
mapillary_1047436119418289.jpg,18.555403742857,73.861788174026,"Location (18.5554, 73.8618)",mapillary,1570692987962
mapillary_1150156320216154.jpg,18.5547042,73.8624135,"Location (18.5547, 73.8624)",mapillary,1765623113211
mapillary_1166355551646071.jpg,18.55467542259,73.862426461302,"Location (18.5547, 73.8624)",mapillary,1741158577039
mapillary_1027183614352301.jpg,18.553871570323,73.863045877375,"Location (18.5539, 73.8630)",mapillary,1575080215749
mapillary_1077914224050709.jpg,18.553991100003,73.8628618,"Location (18.5540, 73.8629)",mapillary,1716296680970
mapillary_1165693851528238.jpg,18.556902100002,73.8558416,"Location (18.5569, 73.8558)",mapillary,1716296786921
mapillary_1532072434323073.jpg,18.5562608,73.8543324,"Location (18.5563, 73.8543)",mapillary,1716296822936
mapillary_1114154036509838.jpg,18.556930599998,73.8559372,"Location (18.5569, 73.8559)",mapillary,1716296784968
mapillary_1186405301780744.jpg,18.55702400982,73.856317199198,"Location (18.5570, 73.8563)",mapillary,1575113806126
mapillary_1104255213398280.jpg,18.556667953354,73.855038993496,"Location (18.5567, 73.8550)",mapillary,1575113782986
mapillary_1038549867742047.jpg,18.5579691,73.856275,"Location (18.5580, 73.8563)",mapillary,1746413524202
mapillary_1159941675036225.jpg,18.557966900001,73.856186899998,"Location (18.5580, 73.8562)",mapillary,1716211315503
mapillary_1476930095978641.jpg,18.556293455802,73.854460811302,"Location (18.5563, 73.8545)",mapillary,1575080320675
mapillary_1038006993397477.jpg,18.556363875862,73.854582490345,"Location (18.5564, 73.8546)",mapillary,1575080319158
mapillary_1241685846280950.jpg,18.553383643376,73.853213143768,"Location (18.5534, 73.8532)",mapillary,1575439251748
mapillary_199012228711800.jpg,18.5538553822,73.8529663075,"Location (18.5539, 73.8530)",mapillary,1575439239981
mapillary_1384330528603071.jpg,18.55509894012,73.852348420758,"Location (18.5551, 73.8523)",mapillary,1575080349575
mapillary_1127691375139739.jpg,18.555246,73.852536099999,"Location (18.5552, 73.8525)",mapillary,1716296851968
mapillary_1380422572324555.jpg,18.555368230539,73.852812220958,"Location (18.5554, 73.8528)",mapillary,1575436048458
mapillary_138392764898195.jpg,18.555395374827,73.852886323489,"Location (18.5554, 73.8529)",mapillary,1575080343545
mapillary_1110923316867697.jpg,18.5486985,73.838848,"Location (18.5487, 73.8388)",mapillary,1716297394943
mapillary_1152887339076289.jpg,18.5485218,73.8388816,"Location (18.5485, 73.8389)",mapillary,1716260223085
mapillary_1027383855413359.jpg,18.5483966,73.838859399998,"Location (18.5484, 73.8389)",mapillary,1716260226081
mapillary_1165578941415270.jpg,18.548049,73.838816599998,"Location (18.5480, 73.8388)",mapillary,1716260231074
mapillary_1162563474874791.jpg,18.547264699999,73.838866700002,Symbiosis Institute of Management Studies (SIMS),mapillary,1716297374985
mapillary_1169205650887251.jpg,18.547483,73.838776100003,"Location (18.5475, 73.8388)",mapillary,1716297379936
mapillary_1021254809558810.jpg,18.549166666667,73.839182995101,"Location (18.5492, 73.8392)",mapillary,1716260213032
mapillary_429976203076496.jpg,18.5490516,73.8391012,"Location (18.5491, 73.8391)",mapillary,1716260215063
mapillary_1158692035279024.jpg,18.550073900001,73.8365675,"Location (18.5501, 73.8366)",mapillary,1716260169061
mapillary_1178902666597627.jpg,18.550067299999,73.8366884,"Location (18.5501, 73.8367)",mapillary,1716260170059
mapillary_1109441317024610.jpg,18.549970700002,73.837596599998,"Location (18.5500, 73.8376)",mapillary,1716260178048
mapillary_479571097760026.jpg,18.549963,73.837694099998,"Location (18.5500, 73.8377)",mapillary,1716260179047
mapillary_1484208428970448.jpg,18.5501256,73.8359764,"Location (18.5501, 73.8360)",mapillary,1716260164070
mapillary_7375829289193902.jpg,18.5501332,73.835864197531,"Location (18.5501, 73.8359)",mapillary,1716260163003
mapillary_1454015098576089.jpg,18.5501572,73.835093699997,"Location (18.5502, 73.8351)",mapillary,1716260156653
mapillary_1679021199502578.jpg,18.5501604,73.835198299998,"Location (18.5502, 73.8352)",mapillary,1716260157844
mapillary_1905771943187136.jpg,18.5501475,73.834291299997,"Location (18.5501, 73.8343)",mapillary,1716260147070
mapillary_334873579400436.jpg,18.550171400002,73.834218100002,"Location (18.5502, 73.8342)",mapillary,1716260146360
mapillary_1126574231955558.jpg,18.5509994,73.8336083878,"Location (18.5510, 73.8336)",mapillary,1716260134087
mapillary_408905692021789.jpg,18.5509316,73.8336518,"Location (18.5509, 73.8337)",mapillary,1716260135076
mapillary_1121874739079140.jpg,18.550148899998,73.834800900001,"Location (18.5501, 73.8348)",mapillary,1716260153954
mapillary_1152132722881450.jpg,18.55015,73.834896099999,"Location (18.5501, 73.8349)",mapillary,1716260154554
mapillary_1421467941567185.jpg,18.510990260516,73.913815803869,"Location (18.5110, 73.9138)",mapillary,1572179552526
mapillary_1516554422009110.jpg,18.51090859019,73.91372041021,"Location (18.5109, 73.9137)",mapillary,1572179551533
mapillary_1134875410322771.jpg,18.510787881448,73.913595483532,"Location (18.5108, 73.9136)",mapillary,1572179550134
mapillary_1112496399229112.jpg,18.511495517576,73.914257984343,"Location (18.5115, 73.9143)",mapillary,1572179559267
mapillary_1282077269027400.jpg,18.511310109012,73.914093233246,"Location (18.5113, 73.9141)",mapillary,1672129704913
mapillary_196561952315183.jpg,18.512521170956,73.914900816805,"Location (18.5125, 73.9149)",mapillary,1572179608009
mapillary_156790243066479.jpg,18.512540913815,73.914948709786,"Location (18.5125, 73.9149)",mapillary,1572179607038
mapillary_1108806139626650.jpg,18.516500298705,73.915287393802,"Location (18.5165, 73.9153)",mapillary,1572179662159
mapillary_1197678267336371.jpg,18.516506595,73.915286575,"Location (18.5165, 73.9153)",mapillary,1572179662906
mapillary_204123224735857.jpg,18.51702926034,73.915328225175,"Location (18.5170, 73.9153)",mapillary,1572179676930
mapillary_185197190097630.jpg,18.518002226453,73.868344126854,"Location (18.5180, 73.8683)",mapillary,1511073178184
mapillary_299503675185919.jpg,18.517929803567,73.86834399977,"Location (18.5179, 73.8683)",mapillary,1511073177133
mapillary_163922102333240.jpg,18.515601373266,73.859502718492,"Location (18.5156, 73.8595)",mapillary,1572423210770
mapillary_256549369588978.jpg,18.515643554073,73.859394224203,"Location (18.5156, 73.8594)",mapillary,1571922718584
mapillary_1105769796602125.jpg,18.516564316216,73.858579413514,"Location (18.5166, 73.8586)",mapillary,1571832979721
mapillary_1120597988432975.jpg,18.516565550549,73.858728253846,"Location (18.5166, 73.8587)",mapillary,1571905306455
mapillary_193058379326535.jpg,18.51606105,73.86108022,"Location (18.5161, 73.8611)",mapillary,1454425285811
mapillary_510913983398824.jpg,18.51612729,73.86178794,"Location (18.5161, 73.8618)",mapillary,1454425277705
mapillary_510184790147955.jpg,18.51595439,73.86052555,"Location (18.5160, 73.8605)",mapillary,1454425294743
mapillary_587769282182034.jpg,18.51610998,73.8621268,"Location (18.5161, 73.8621)",mapillary,1454425271456
mapillary_1307345013013859.jpg,18.512291211007,73.86860528637,"Location (18.5123, 73.8686)",mapillary,1572170101036
mapillary_138318248329154.jpg,18.512739502072,73.868637617828,"Location (18.5127, 73.8686)",mapillary,1572170093920
mapillary_1178247292599024.jpg,18.511899743796,73.868577053137,"Location (18.5119, 73.8686)",mapillary,1572170107250
mapillary_254106336495046.jpg,18.512135732881,73.868594073042,"Location (18.5121, 73.8686)",mapillary,1572170103504
mapillary_1026865344719106.jpg,18.512938133568,73.868651943444,"Location (18.5129, 73.8687)",mapillary,1572170090767
mapillary_194601055729569.jpg,18.512995713392,73.868656096192,"Location (18.5130, 73.8687)",mapillary,1572170089853
mapillary_141662397995067.jpg,18.511152718017,73.86852317646,"Location (18.5112, 73.8685)",mapillary,1572170119108
mapillary_187073363271855.jpg,18.511358468244,73.868538015491,"Location (18.5114, 73.8685)",mapillary,1572170115842
mapillary_141238151365023.jpg,18.510944274405,73.868467910419,"Location (18.5109, 73.8685)",mapillary,1572170122133
mapillary_1476175212775113.jpg,18.516858071457,73.868535393214,"Location (18.5169, 73.8685)",mapillary,1572169979978
mapillary_251489366766021.jpg,18.516803516293,73.868542741141,"Location (18.5168, 73.8685)",mapillary,1572169981749
mapillary_1902127403277588.jpg,18.520101954363,73.869627755065,"Location (18.5201, 73.8696)",mapillary,1572169905172
mapillary_2055507391254158.jpg,18.520103296211,73.869314479262,"Location (18.5201, 73.8693)",mapillary,1572169910143
mapillary_140980521388877.jpg,18.520070546509,73.870131986529,"Location (18.5201, 73.8701)",mapillary,1572169900220
mapillary_201169708490893.jpg,18.520065651036,73.870275441827,"Location (18.5201, 73.8703)",mapillary,1572169898820
mapillary_321656775976015.jpg,18.520413857157,73.872470553299,"Location (18.5204, 73.8725)",mapillary,1572169859444
mapillary_1041447836386564.jpg,18.520064441401,73.871058008917,"Location (18.5201, 73.8711)",mapillary,1572169888514
mapillary_1141636389676536.jpg,18.520058201575,73.871309243406,"Location (18.5201, 73.8713)",mapillary,1572169879983
mapillary_1475111826164031.jpg,18.520115109945,73.871726927624,"Location (18.5201, 73.8717)",mapillary,1572169872696
mapillary_1551699441828825.jpg,18.520091613453,73.871611612712,"Location (18.5201, 73.8716)",mapillary,1572169874083
mapillary_1136715540174319.jpg,18.520043876076,73.870786421522,"Location (18.5200, 73.8708)",mapillary,1572169892748
mapillary_1010924751108804.jpg,18.5313148,73.8761056,"Location (18.5313, 73.8761)",mapillary,1745645825120
mapillary_1152578318575294.jpg,18.531237338462,73.876166215385,"Location (18.5312, 73.8762)",mapillary,1574128833706
mapillary_1007640013407598.jpg,18.530084146239,73.874773262086,"Location (18.5301, 73.8748)",mapillary,1539913304592
mapillary_1206028853192434.jpg,18.5301902885,73.8749798945,"Location (18.5302, 73.8750)",mapillary,1574128940265
mapillary_1018691186815179.jpg,18.5393555,73.8969647,"Location (18.5394, 73.8970)",mapillary,1742987158512
mapillary_1110778896080819.jpg,18.539412213043,73.897031637816,"Location (18.5394, 73.8970)",mapillary,1574128503214
mapillary_299335955083469.jpg,18.53926155025,73.899039934735,The Wedding Clinic,mapillary,1574128480039
mapillary_1003958971670327.jpg,18.539274,73.8989148,The Wedding Clinic,mapillary,1742987185454
mapillary_382445433030187.jpg,18.539263003303,73.899104098498,The Wedding Clinic,mapillary,1574128479275
mapillary_1045559424178737.jpg,18.5319683,73.9164923,"Location (18.5320, 73.9165)",mapillary,1745660748078
mapillary_1335326830204560.jpg,18.532091499972,73.9165547,"Location (18.5321, 73.9166)",mapillary,1670253644126
mapillary_529589014720249.jpg,18.531412205,73.917239425521,"Location (18.5314, 73.9172)",mapillary,1577514317089
mapillary_770722310308861.jpg,18.531318042304,73.917244761662,"Location (18.5313, 73.9172)",mapillary,1577514316183
mapillary_1223031169951353.jpg,18.5297471,73.9081289,"Location (18.5297, 73.9081)",mapillary,1770274109279
mapillary_1227209075513491.jpg,18.5297959,73.9082993,"Location (18.5298, 73.9083)",mapillary,1770274111287
mapillary_869188284112394.jpg,18.5254434,73.895469199972,"Location (18.5254, 73.8955)",mapillary,1670246900802
mapillary_109853005208848.jpg,18.5252374,73.8950439,"Location (18.5252, 73.8950)",mapillary,1670246894796
mapillary_473895134652117.jpg,18.525271499972,73.8952055,"Location (18.5253, 73.8952)",mapillary,1670246896798
mapillary_1132474628869065.jpg,18.548661240732,73.885792261749,"Location (18.5487, 73.8858)",mapillary,1770195995655
mapillary_1183979027151979.jpg,18.548759076169,73.885760792247,"Location (18.5488, 73.8858)",mapillary,1770196132926
mapillary_1010858677195216.jpg,18.5464425,73.9060349,"Location (18.5464, 73.9060)",mapillary,1742987717577
mapillary_1021721793189888.jpg,18.546506220075,73.906032505159,"Location (18.5465, 73.9060)",mapillary,1742987718047
mapillary_1070966526761194.jpg,18.545887983146,73.906820141573,"Location (18.5459, 73.9068)",mapillary,1577514821610
mapillary_182861173703665.jpg,18.545873732223,73.906949632125,"Location (18.5459, 73.9069)",mapillary,1577514823106
mapillary_1021294483191520.jpg,18.5452917,73.9059444,"Location (18.5453, 73.9059)",mapillary,1742987567593
mapillary_1122028048279730.jpg,18.54338989697,73.905040270707,"Location (18.5434, 73.9050)",mapillary,1577514651423
mapillary_1147260547147356.jpg,18.543188523523,73.904970518944,"Location (18.5432, 73.9050)",mapillary,1742987540037
mapillary_1025989239594058.jpg,18.54308008681,73.904898862337,"Location (18.5431, 73.9049)",mapillary,1742987537031
mapillary_1010327643105734.jpg,18.54420506156,73.905482291627,"Location (18.5442, 73.9055)",mapillary,1577514667790
mapillary_114795497343337.jpg,18.544180639007,73.905468936474,"Location (18.5442, 73.9055)",mapillary,1577514667140
mapillary_1027042592820977.jpg,18.542431549134,73.90472820052,"Location (18.5424, 73.9047)",mapillary,1742987521050
mapillary_1338502947303653.jpg,18.5429841,73.904282,"Location (18.5430, 73.9043)",mapillary,1741783272605
mapillary_1366036134811612.jpg,18.5429767,73.9042078,"Location (18.5430, 73.9042)",mapillary,1741783271636
mapillary_1171147901796327.jpg,18.5658284,73.8493119,"Location (18.5658, 73.8493)",mapillary,1765611717880
mapillary_1187041279627884.jpg,18.5656314,73.8494118,"Location (18.5656, 73.8494)",mapillary,1765513101156
mapillary_1204414924607448.jpg,18.5491518,73.9008619,"Location (18.5492, 73.9009)",mapillary,1741783137026
mapillary_1151085626748976.jpg,18.5459663,73.9005366,"Location (18.5460, 73.9005)",mapillary,1741783191554
mapillary_1217767136530675.jpg,18.546191,73.900565,"Location (18.5462, 73.9006)",mapillary,1741783186644
mapillary_1705287707092943.jpg,18.5460628,73.9005436,"Location (18.5461, 73.9005)",mapillary,1741783189615
mapillary_1694213538170284.jpg,18.5450049,73.900255,"Location (18.5450, 73.9003)",mapillary,1741783209559
mapillary_2022412298169149.jpg,18.5450661,73.9002737,"Location (18.5451, 73.9003)",mapillary,1741783208591
mapillary_1158389989279399.jpg,18.5444061,73.9001723,"Location (18.5444, 73.9002)",mapillary,1741783218645
mapillary_1193503872356464.jpg,18.5443205,73.9001668,"Location (18.5443, 73.9002)",mapillary,1741783219614
mapillary_638340672461765.jpg,18.5489199,73.9006525,"Location (18.5489, 73.9007)",mapillary,1741783137794
mapillary_1668686850681762.jpg,18.5478645,73.9004687,"Location (18.5479, 73.9005)",mapillary,1741783147750
mapillary_2012820949126619.jpg,18.5479394,73.9004725,"Location (18.5479, 73.9005)",mapillary,1741783146779
mapillary_1039969468177858.jpg,18.5483312,73.9004862,"Location (18.5483, 73.9005)",mapillary,1741783142702
mapillary_1045671634069968.jpg,18.5487143,73.9005619,"Location (18.5487, 73.9006)",mapillary,1741783138726
mapillary_1362995848380985.jpg,18.5481171,73.9004835,"Location (18.5481, 73.9005)",mapillary,1741783144674
mapillary_1357958198881447.jpg,18.552066551115,73.905898740032,"Location (18.5521, 73.9059)",mapillary,1742987793040
mapillary_1024966679494262.jpg,18.5516424,73.9057709,"Location (18.5516, 73.9058)",mapillary,1742992766265
mapillary_1014683457239049.jpg,18.55138601241,73.905783426216,"Location (18.5514, 73.9058)",mapillary,1742987783053
mapillary_1017637790283202.jpg,18.5513593,73.9057359,"Location (18.5514, 73.9057)",mapillary,1742992763224
mapillary_1009359850610896.jpg,18.550688854018,73.905707154566,"Location (18.5507, 73.9057)",mapillary,1742987775048
mapillary_1337476874809610.jpg,18.5498845,73.9056604,"Location (18.5499, 73.9057)",mapillary,1770274691240
mapillary_1349523412860321.jpg,18.549730903833,73.905695414199,"Location (18.5497, 73.9057)",mapillary,1742987764046
mapillary_1146044607263242.jpg,18.5493333,73.9058368,"Location (18.5493, 73.9058)",mapillary,1742992742959
mapillary_1204949754299034.jpg,18.549421338359,73.905734881619,"Location (18.5494, 73.9057)",mapillary,1742987760055
mapillary_1002695084653500.jpg,18.549040505921,73.905808829027,"Location (18.5490, 73.9058)",mapillary,1742987755043
mapillary_1209278694722723.jpg,18.548945,73.9057982,"Location (18.5489, 73.9058)",mapillary,1770274678226
mapillary_1157441945702333.jpg,18.5488378,73.9058435,"Location (18.5488, 73.9058)",mapillary,1742987752538
mapillary_1001239438100755.jpg,18.5520306,73.9058327,"Location (18.5520, 73.9058)",mapillary,1742992775218
mapillary_1007865097938017.jpg,18.5514987,73.9057867,"Location (18.5515, 73.9058)",mapillary,1742987784554
mapillary_518365161057747.jpg,18.5516451,73.9101638,"Location (18.5516, 73.9102)",mapillary,1742959001259
mapillary_963070439332077.jpg,18.5516417,73.910222,"Location (18.5516, 73.9102)",mapillary,1742959000357
mapillary_1206315971114067.jpg,18.5505046,73.91297,"Location (18.5505, 73.9130)",mapillary,1742958936403
mapillary_1257612265729104.jpg,18.5505614,73.9129694,"Location (18.5506, 73.9130)",mapillary,1742958938262
mapillary_1225875779076832.jpg,18.5501524,73.9129862,"Location (18.5502, 73.9130)",mapillary,1742958920295
mapillary_1118239279988247.jpg,18.5513539,73.91199,"Location (18.5514, 73.9120)",mapillary,1742958970300
mapillary_660450623599519.jpg,18.551253,73.912188,"Location (18.5513, 73.9122)",mapillary,1742958966226
mapillary_1179892990352777.jpg,18.5512793,73.9121384,"Location (18.5513, 73.9121)",mapillary,1742958967262
mapillary_1025468376142334.jpg,18.5494812,73.9139763,"Location (18.5495, 73.9140)",mapillary,1742992991238
mapillary_1057281402905451.jpg,18.5494689,73.9140865,"Location (18.5495, 73.9141)",mapillary,1742992993241
mapillary_1008775871315109.jpg,18.5494401,73.9142076,"Location (18.5494, 73.9142)",mapillary,1742992995199
mapillary_1395901748095952.jpg,18.5503002,73.9129768,"Location (18.5503, 73.9130)",mapillary,1742958930306
mapillary_1846451032831932.jpg,18.5514874,73.9117228,"Location (18.5515, 73.9117)",mapillary,1742958975331
mapillary_1160809972442752.jpg,18.5492103,73.9168827,"Location (18.5492, 73.9169)",mapillary,1742993048173
mapillary_1216296769914231.jpg,18.5491939,73.9169473,"Location (18.5492, 73.9169)",mapillary,1742993049242
mapillary_1121230056681407.jpg,18.5493821,73.9150875,"Location (18.5494, 73.9151)",mapillary,1742993013289
mapillary_1167099144896083.jpg,18.5493614,73.9152275,"Location (18.5494, 73.9152)",mapillary,1742993016279
mapillary_1023528606404533.jpg,18.5393707,73.8979629,Envy,mapillary,1745645295180
mapillary_1027568352616791.jpg,18.539313,73.8980691,"Location (18.5393, 73.8981)",mapillary,1742987174440
mapillary_1007924674003869.jpg,18.539191851986,73.902861422218,"Location (18.5392, 73.9029)",mapillary,1742987445040
mapillary_1131918028711217.jpg,18.5392534,73.9028538,"Location (18.5393, 73.9029)",mapillary,1742987441499
mapillary_1095872355629653.jpg,18.539122587147,73.903565935684,"Location (18.5391, 73.9036)",mapillary,1742987482111
mapillary_1126377961198524.jpg,18.538684623297,73.905090568312,"Location (18.5387, 73.9051)",mapillary,1577514526623
mapillary_1090619891465725.jpg,18.538489931772,73.905885743381,"Location (18.5385, 73.9059)",mapillary,1577514520766
mapillary_1132998437200238.jpg,18.538548749593,73.905906444309,"Location (18.5385, 73.9059)",mapillary,1574128404441
mapillary_1083258183950607.jpg,18.5382694,73.9064961,"Location (18.5383, 73.9065)",mapillary,1770274342769
mapillary_1173129289816533.jpg,18.538287074089,73.906511901215,"Location (18.5383, 73.9065)",mapillary,1574128397732
mapillary_1042057784465372.jpg,18.5378034,73.9074097,"Location (18.5378, 73.9074)",mapillary,1745645121482
mapillary_1418017573390893.jpg,18.5378012,73.9073734,"Location (18.5378, 73.9074)",mapillary,1770274263530
mapillary_1259677344447233.jpg,18.538475435,73.906159642,Westin,mapillary,1574128401657
mapillary_1156090641575758.jpg,18.537148037212,73.908543626981,"Location (18.5371, 73.9085)",mapillary,1574128379274
mapillary_1478626382497687.jpg,18.537052706294,73.9086956997,"Location (18.5371, 73.9087)",mapillary,1574128377885
mapillary_298092341893514.jpg,18.537897156352,73.907329169877,"Location (18.5379, 73.9073)",mapillary,1552533402683
mapillary_1140785779726168.jpg,18.537006495105,73.908771547852,"Location (18.5370, 73.9088)",mapillary,1574128377182
mapillary_1543264393567729.jpg,18.5546583,73.91521,"Location (18.5547, 73.9152)",mapillary,1770693725616
mapillary_1265101492208154.jpg,18.554625,73.9161583,"Location (18.5546, 73.9162)",mapillary,1770693708535
mapillary_1454099756427232.jpg,18.5558533,73.91432,"Location (18.5559, 73.9143)",mapillary,1770693752648
mapillary_1195346886095791.jpg,18.554625,73.9155933,"Location (18.5546, 73.9156)",mapillary,1770693716871
mapillary_1408962510085665.jpg,18.55465,73.9154683,"Location (18.5546, 73.9155)",mapillary,1770693718725
mapillary_1432585161860983.jpg,18.5549833,73.9150283,"Location (18.5550, 73.9150)",mapillary,1770693732483
mapillary_1227059019492986.jpg,18.5546683,73.9170667,"Location (18.5547, 73.9171)",mapillary,1770693695137
mapillary_1252569010159574.jpg,18.5546917,73.9171233,"Location (18.5547, 73.9171)",mapillary,1770693694134
mapillary_1262464132459970.jpg,18.554615,73.9158833,"Location (18.5546, 73.9159)",mapillary,1770693712126
mapillary_1384216176294117.jpg,18.556695,73.9134833,"Location (18.5567, 73.9135)",mapillary,1770693775125
mapillary_1417193973416501.jpg,18.55677,73.9134083,"Location (18.5568, 73.9134)",mapillary,1770693777120
mapillary_1001021284927246.jpg,18.55860380117,73.911291899998,Wakefield IT Park,mapillary,1716263526249
mapillary_1082154977389628.jpg,18.55769,73.912495,"Location (18.5577, 73.9125)",mapillary,1770693796670
mapillary_1921223598696609.jpg,18.557555,73.9126617,"Location (18.5576, 73.9127)",mapillary,1770693793726
mapillary_1230371408579675.jpg,18.556565,73.9136283,"Location (18.5566, 73.9136)",mapillary,1770693771714
mapillary_1230866365804571.jpg,18.5564617,73.9137367,"Location (18.5565, 73.9137)",mapillary,1770693768130
mapillary_1218816590337099.jpg,18.55612,73.9140317,"Location (18.5561, 73.9140)",mapillary,1770693759124
mapillary_1534030241888161.jpg,18.5561717,73.91399,"Location (18.5562, 73.9140)",mapillary,1770693760124
mapillary_1242585024636913.jpg,18.5560783,73.914075,"Location (18.5561, 73.9141)",mapillary,1770693758927
mapillary_1238074228299229.jpg,18.5555067,73.9147067,"Location (18.5555, 73.9147)",mapillary,1770693743954
mapillary_1914378689170090.jpg,18.5554267,73.9147767,"Location (18.5554, 73.9148)",mapillary,1770693741317
mapillary_1034923248537603.jpg,18.5397191,73.8903058,"Location (18.5397, 73.8903)",mapillary,1742987067507
mapillary_1074506156290838.jpg,18.539661577932,73.890030640954,"Location (18.5397, 73.8900)",mapillary,1574128561552
mapillary_1060850305870971.jpg,18.539679040802,73.889684793578,"Location (18.5397, 73.8897)",mapillary,1742987056048
mapillary_1016549537002413.jpg,18.539640897856,73.88920654727,"Location (18.5396, 73.8892)",mapillary,1742987051044
mapillary_1072158378273806.jpg,18.539592940761,73.893683108718,"Location (18.5396, 73.8937)",mapillary,1742987107043
mapillary_1551393599166904.jpg,18.5396015,73.8939742,"Location (18.5396, 73.8940)",mapillary,1745645356195
mapillary_1012318443564997.jpg,18.53954606273,73.894738483525,"Location (18.5395, 73.8947)",mapillary,1742987126042
mapillary_1047683537206117.jpg,18.5395737,73.8946665,"Location (18.5396, 73.8947)",mapillary,1745645348111
mapillary_1162867032046955.jpg,18.539433761793,73.896451470228,"Location (18.5394, 73.8965)",mapillary,1742987151050
mapillary_1171990934590072.jpg,18.539353097867,73.897824615286,Envy,mapillary,1742987171042
mapillary_1020077139981872.jpg,18.5391787,73.9011512,"Location (18.5392, 73.9012)",mapillary,1742987213530
mapillary_1033173182077086.jpg,18.5391828,73.9008104,"Location (18.5392, 73.9008)",mapillary,1742987209453
mapillary_1335520317498287.jpg,18.5486168,73.9005332,"Location (18.5486, 73.9005)",mapillary,1741783139729
mapillary_1173654044412739.jpg,18.548505574772,73.905907881623,"Location (18.5485, 73.9059)",mapillary,1742987747049
mapillary_1175153434139777.jpg,18.548378380575,73.905913826619,"Location (18.5484, 73.9059)",mapillary,1742987745034
mapillary_1338510940790616.jpg,18.549503129989,73.905702518464,"Location (18.5495, 73.9057)",mapillary,1742987761052
mapillary_1029574735325191.jpg,18.5477809,73.9058132,"Location (18.5478, 73.9058)",mapillary,1724746803728
mapillary_1030458592063630.jpg,18.5477766,73.9058157,"Location (18.5478, 73.9058)",mapillary,1724746820564
mapillary_1016023093719220.jpg,18.5469296,73.9005362,"Location (18.5469, 73.9005)",mapillary,1741783162652
mapillary_1039242471374647.jpg,18.5469831,73.900282,"Location (18.5470, 73.9003)",mapillary,1741783157908
mapillary_1716665249195725.jpg,18.5462927,73.9005904,"Location (18.5463, 73.9006)",mapillary,1741783182667
mapillary_1001871987935539.jpg,18.5435659,73.9008212,"Location (18.5436, 73.9008)",mapillary,1741783236553
mapillary_1337049804000550.jpg,18.5435039,73.9010656,"Location (18.5435, 73.9011)",mapillary,1741783238624
mapillary_530690686293598.jpg,18.5436963,73.9003934,"Location (18.5437, 73.9004)",mapillary,1741783232677
mapillary_952677047045054.jpg,18.5436566,73.9004993,"Location (18.5437, 73.9005)",mapillary,1741783233747
mapillary_308623827320713.jpg,18.56185174,73.91164535,"Location (18.5619, 73.9116)",mapillary,1435230832744
mapillary_825788334687257.jpg,18.56192438,73.910994,"Location (18.5619, 73.9110)",mapillary,1435230824382
mapillary_351352683074807.jpg,18.56193611,73.91085193,"Location (18.5619, 73.9109)",mapillary,1435230822187
mapillary_2848560235361186.jpg,18.56062038,73.91167097,"Location (18.5606, 73.9117)",mapillary,1435230854227
mapillary_288163249634630.jpg,18.56190366,73.91129581,"Location (18.5619, 73.9113)",mapillary,1435230828190
mapillary_134813248632890.jpg,18.56202382,73.91027099,"Location (18.5620, 73.9103)",mapillary,1435230814133
mapillary_1374770316239561.jpg,18.5619735,73.91055952,"Location (18.5620, 73.9106)",mapillary,1435230818316
mapillary_386303539138233.jpg,18.56226922,73.90788808,"Location (18.5623, 73.9079)",mapillary,1435230738788
mapillary_1399443223722792.jpg,18.56221859,73.90825684,"Location (18.5622, 73.9083)",mapillary,1435230742957
mapillary_301981837974536.jpg,18.56169845,73.91173449,"Location (18.5617, 73.9117)",mapillary,1435230838201
mapillary_302913511297291.jpg,18.56135148,73.91174708,"Location (18.5614, 73.9117)",mapillary,1435230844356
mapillary_136279488545428.jpg,18.565252736542,73.914882655599,"Location (18.5653, 73.9149)",mapillary,1571388012996
mapillary_1393474674342878.jpg,18.56524769679,73.914932034102,"Location (18.5652, 73.9149)",mapillary,1571388012279
mapillary_1156730641456329.jpg,18.565221173313,73.913176221652,"Location (18.5652, 73.9132)",mapillary,1571388059656
mapillary_1158337905578642.jpg,18.539475722387,73.888362000014,"Location (18.5395, 73.8884)",mapillary,1742987041040
mapillary_1176920750532526.jpg,18.5395803,73.8935733,"Location (18.5396, 73.8936)",mapillary,1742987105517
mapillary_1042694434416422.jpg,18.5395759,73.8942723,"Location (18.5396, 73.8943)",mapillary,1745645353204
mapillary_1043015741016315.jpg,18.5397592,73.8907105,"Location (18.5398, 73.8907)",mapillary,1745645400183
mapillary_1068080193720929.jpg,18.539739136915,73.890701150348,"Location (18.5397, 73.8907)",mapillary,1574128553885
mapillary_1017284169980898.jpg,18.539724,73.8913623,"Location (18.5397, 73.8914)",mapillary,1745645391094
mapillary_1028692625862489.jpg,18.5397055,73.891336,"Location (18.5397, 73.8913)",mapillary,1742987081541
mapillary_221089152752802.jpg,18.513143967013,73.847065149091,"Location (18.5131, 73.8471)",mapillary,1516268506680
mapillary_470515414242057.jpg,18.513150920843,73.847150500772,"Location (18.5132, 73.8472)",mapillary,1516268508198
mapillary_162314779041010.jpg,18.5138884,73.8468083,Master Leather Works,mapillary,1454425706519
mapillary_1133100203875515.jpg,18.51402579,73.84802052,"Location (18.5140, 73.8480)",mapillary,1454425685208
mapillary_1208680582926733.jpg,18.533373099972,73.8319443,"Location (18.5334, 73.8319)",mapillary,1562350758000
mapillary_1513061299086153.jpg,18.5331639,73.831963299972,"Location (18.5332, 73.8320)",mapillary,1562350743000
mapillary_1717749488386827.jpg,18.5351618,73.831378599972,"Location (18.5352, 73.8314)",mapillary,1562350893000
mapillary_242218997677304.jpg,18.534997199972,73.8314112,"Location (18.5350, 73.8314)",mapillary,1562350883000
mapillary_193232542532989.jpg,18.533773,73.831800499972,"Location (18.5338, 73.8318)",mapillary,1562350788000
mapillary_299596408492092.jpg,18.5336992,73.8318129,"Location (18.5337, 73.8318)",mapillary,1562350783000
mapillary_175993947654466.jpg,18.533424799972,73.831936999972,"Location (18.5334, 73.8319)",mapillary,1562350763000
mapillary_1180786936928006.jpg,18.5526394,73.8788068,"Location (18.5526, 73.8788)",mapillary,1765513485510
mapillary_1198697592198513.jpg,18.552628,73.8787062,"Location (18.5526, 73.8787)",mapillary,1765513486520
mapillary_1069369358678332.jpg,18.552327414553,73.88365391756,"Location (18.5523, 73.8837)",mapillary,1770196875036
mapillary_1302295118394313.jpg,18.552267797069,73.883671260111,"Location (18.5523, 73.8837)",mapillary,1770196870033
mapillary_141848711198137.jpg,18.536017824925,73.830120834098,"Location (18.5360, 73.8301)",mapillary,1546086305382
mapillary_486335129283582.jpg,18.536122190927,73.830126719541,"Location (18.5361, 73.8301)",mapillary,1546086306492
mapillary_1175503552904220.jpg,18.53666747159,73.830140284923,"Location (18.5367, 73.8301)",mapillary,1546086312341
mapillary_219650489926389.jpg,18.536313551292,73.830127841451,"Location (18.5363, 73.8301)",mapillary,1546086308443
mapillary_112112670947479.jpg,18.536441599972,73.8320376,"Location (18.5364, 73.8320)",mapillary,1562351093000
mapillary_1257160854812757.jpg,18.5364255,73.8323316,"Location (18.5364, 73.8323)",mapillary,1562351113000
mapillary_134445142052263.jpg,18.535433399972,73.831305599972,"Location (18.5354, 73.8313)",mapillary,1562350913000
mapillary_185444746784372.jpg,18.53754636281,73.830127848347,"Location (18.5375, 73.8301)",mapillary,1546086322365
mapillary_1139853073149575.jpg,18.537981358546,73.830041888016,"Location (18.5380, 73.8300)",mapillary,1546086327286
mapillary_122770386506197.jpg,18.538122732261,73.830088807003,"Location (18.5381, 73.8301)",mapillary,1542840332226
mapillary_264965442033234.jpg,18.487771582983,73.825641363564,"Location (18.4878, 73.8256)",mapillary,1539912505083
mapillary_288921602897419.jpg,18.487792219701,73.825452097313,"Location (18.4878, 73.8255)",mapillary,1539912503038
mapillary_1255435378204074.jpg,18.488799735842,73.826536850297,"Location (18.4888, 73.8265)",mapillary,1539912521980
mapillary_3557768694327806.jpg,18.488894831034,73.826568372414,"Location (18.4889, 73.8266)",mapillary,1539912523162
mapillary_1316611178734825.jpg,18.564641500963,73.877089659095,"Location (18.5646, 73.8771)",mapillary,1575114188057
mapillary_133001692201400.jpg,18.564663997883,73.877067454668,"Location (18.5647, 73.8771)",mapillary,1554872090454
mapillary_1007761633544894.jpg,18.566418,73.8788505,"Location (18.5664, 73.8789)",mapillary,1718166531007
mapillary_304139204648891.jpg,18.565718387753,73.877909164031,"Location (18.5657, 73.8779)",mapillary,1554872123476
mapillary_1040180637644309.jpg,18.5661463,73.8785763,"Location (18.5661, 73.8786)",mapillary,1718166536046
mapillary_1211027792659648.jpg,18.566276181737,73.878637480059,"Location (18.5663, 73.8786)",mapillary,1554877089362
mapillary_1107002706449988.jpg,18.553118729972,73.868165023378,"Location (18.5531, 73.8682)",mapillary,1580733922976
mapillary_1187580605048583.jpg,18.552942693863,73.86813847641,"Location (18.5529, 73.8681)",mapillary,1580733927217
mapillary_1076375779439308.jpg,18.55297847555,73.86748001516,"Location (18.5530, 73.8675)",mapillary,1580733936647
mapillary_1138000620019868.jpg,18.552994630548,73.867329428527,"Location (18.5530, 73.8673)",mapillary,1580733938385
mapillary_1566016837925470.jpg,18.5610813,73.8922321,"Location (18.5611, 73.8922)",mapillary,1766025628940
mapillary_1218801226835509.jpg,18.5602935,73.89192,"Location (18.5603, 73.8919)",mapillary,1766025652016
mapillary_1384409906458066.jpg,18.5603958,73.8919501,"Location (18.5604, 73.8920)",mapillary,1766025650017
mapillary_1100794913780855.jpg,18.56693138489,73.879044673033,"Location (18.5669, 73.8790)",mapillary,1554872151491
mapillary_1030720428723024.jpg,18.5667784,73.8792117,"Location (18.5668, 73.8792)",mapillary,1718166521036
mapillary_1058357854690581.jpg,18.566876212741,73.878994006178,"Location (18.5669, 73.8790)",mapillary,1554872148580
mapillary_1384543065237246.jpg,18.566489655378,73.878632437849,"Location (18.5665, 73.8786)",mapillary,1554872133535
mapillary_1873683746130228.jpg,18.564692422906,73.881678120585,"Location (18.5647, 73.8817)",mapillary,1575114258988
mapillary_2961079394174790.jpg,18.56460894112,73.882187959266,"Location (18.5646, 73.8822)",mapillary,1575114262906
mapillary_169636025092291.jpg,18.564498701318,73.882776805107,"Location (18.5645, 73.8828)",mapillary,1575114268454
mapillary_764237784259370.jpg,18.564825766566,73.88083960241,"Location (18.5648, 73.8808)",mapillary,1575114247371
mapillary_121057300031310.jpg,18.564809659722,73.880968453472,"Location (18.5648, 73.8810)",mapillary,1575114249671
mapillary_1616597388551454.jpg,18.567141705136,73.879232615304,"Location (18.5671, 73.8792)",mapillary,1554872158481
mapillary_164627052253785.jpg,18.567099157467,73.879194959629,"Location (18.5671, 73.8792)",mapillary,1554872157611
mapillary_111591160972837.jpg,18.515036146446,73.876959933934,"Location (18.5150, 73.8770)",mapillary,1516937934105
mapillary_134589962018136.jpg,18.513233294783,73.876440103445,"Location (18.5132, 73.8764)",mapillary,1516937892336
mapillary_1662556353945882.jpg,18.513290831804,73.876437276955,"Location (18.5133, 73.8764)",mapillary,1516937894132
mapillary_296848911992957.jpg,18.512771976345,73.876389675838,"Location (18.5128, 73.8764)",mapillary,1516937880123
mapillary_1245348295863107.jpg,18.507297937442,73.879245034153,"Location (18.5073, 73.8792)",mapillary,1516967059593
mapillary_1658822135509907.jpg,18.5072618,73.8792232,"Location (18.5073, 73.8792)",mapillary,1745659283107
mapillary_1239192384402895.jpg,18.5085702,73.8795365,"Location (18.5086, 73.8795)",mapillary,1745659244064
mapillary_1434436444211553.jpg,18.5084201,73.8795035,"Location (18.5084, 73.8795)",mapillary,1745659246085
mapillary_1013035402857345.jpg,18.546169349046,73.847014645012,"Location (18.5462, 73.8470)",mapillary,1571477945519
mapillary_1103040280189800.jpg,18.546183254172,73.847026933898,"Location (18.5462, 73.8470)",mapillary,1571477944633
mapillary_1012065490348151.jpg,18.5470578,73.847721900002,"Location (18.5471, 73.8477)",mapillary,1716297243985
mapillary_1019152071825778.jpg,18.546890466897,73.847503865911,"Location (18.5469, 73.8475)",mapillary,1570683501570
mapillary_1064062738499420.jpg,18.544350599924,73.838735399997,"Location (18.5444, 73.8387)",mapillary,1716347508793
mapillary_1084157662075162.jpg,18.544353266412,73.838765598473,"Location (18.5444, 73.8388)",mapillary,1570692549122
mapillary_1084388745995139.jpg,18.5566912,73.839624,"Location (18.5567, 73.8396)",mapillary,1716297527935
mapillary_1213278979657371.jpg,18.556527079844,73.839628900002,"Location (18.5565, 73.8396)",mapillary,1716297525969
mapillary_1193839519397416.jpg,18.5312716,73.8444827,"Location (18.5313, 73.8445)",mapillary,1770100513468
mapillary_1414550250066983.jpg,18.5299639,73.8437849,"Location (18.5300, 73.8438)",mapillary,1770100467340
mapillary_1510736913344157.jpg,18.5298529,73.843826,"Location (18.5299, 73.8438)",mapillary,1768464787960
mapillary_1150698665397858.jpg,18.527741519444,73.841450602778,"Location (18.5277, 73.8415)",mapillary,1518246493611
mapillary_1406033773095034.jpg,18.527760213311,73.841184125208,"Location (18.5278, 73.8412)",mapillary,1518246489542
mapillary_1222892606695635.jpg,18.5275995,73.842572,Aadhya Orthopaedic and Physiotherapy Care,mapillary,1768464752916
mapillary_1264867215790125.jpg,18.5275353,73.8425404,Aadhya Orthopaedic and Physiotherapy Care,mapillary,1768464751916
mapillary_109657591192405.jpg,18.526998775267,73.841861935887,"Location (18.5270, 73.8419)",mapillary,1518246518416
mapillary_3822590767789972.jpg,18.527044863803,73.841829781079,"Location (18.5270, 73.8418)",mapillary,1518246514110
mapillary_941394533283208.jpg,18.527915967663,73.839520939402,"Location (18.5279, 73.8395)",mapillary,1518246475523
mapillary_128082639288078.jpg,18.52743744186,73.841833023793,"Location (18.5274, 73.8418)",mapillary,1518246501149
mapillary_2787930201517827.jpg,18.527569316142,73.841734473228,"Location (18.5276, 73.8417)",mapillary,1518246498529
mapillary_580227043380981.jpg,18.527752952459,73.841053834426,"Location (18.5278, 73.8411)",mapillary,1518246487988
mapillary_1228866652547727.jpg,18.5278055,73.8426455,Aadhya Orthopaedic and Physiotherapy Care,mapillary,1770100428289
mapillary_1191031156509366.jpg,18.5294327,73.8435,"Location (18.5294, 73.8435)",mapillary,1770100456330
mapillary_1435040784686146.jpg,18.5296042,73.8435954,"Location (18.5296, 73.8436)",mapillary,1770100459337
mapillary_1151676003529243.jpg,18.5283971,73.8429412,"Location (18.5284, 73.8429)",mapillary,1770100439306
mapillary_1197106352547822.jpg,18.5283354,73.8429893,"Location (18.5283, 73.8430)",mapillary,1768464768940
mapillary_1223304643239166.jpg,18.529075,73.8433061,"Location (18.5291, 73.8433)",mapillary,1770100450319
mapillary_1225246249576351.jpg,18.5291295,73.8433348,"Location (18.5291, 73.8433)",mapillary,1770100451324
mapillary_3632629057049379.jpg,18.531579300003,73.843832899998,"Location (18.5316, 73.8438)",mapillary,1716344758597
mapillary_424675090432462.jpg,18.531548700002,73.843908300001,"Location (18.5315, 73.8439)",mapillary,1716344759630
mapillary_1011607240382312.jpg,18.5318868,73.8429605,"Location (18.5319, 73.8430)",mapillary,1716344748663
mapillary_1154066495909351.jpg,18.531797899999,73.843111111111,Autolines Petrol Pump,mapillary,1716344750802
mapillary_1013757320346614.jpg,18.533806299999,73.840524299999,"Location (18.5338, 73.8405)",mapillary,1716259322381
mapillary_1353731845295019.jpg,18.533590200003,73.8408672,Krushi Mahavidyalay,mapillary,1716259326379
mapillary_1002004254772927.jpg,18.532615800002,73.841931,"Location (18.5326, 73.8419)",mapillary,1716344736673
mapillary_1154997179165146.jpg,18.532745,73.841687099998,"Location (18.5327, 73.8417)",mapillary,1716344733620
mapillary_1376461030432672.jpg,18.5328161,73.8418378,"Location (18.5328, 73.8418)",mapillary,1769947720381
mapillary_1128086801644487.jpg,18.533935185185,73.840105399998,"Location (18.5339, 73.8401)",mapillary,1716431340837
mapillary_1179141875841892.jpg,18.534090219541,73.839891795015,"Location (18.5341, 73.8399)",mapillary,1574129453071
mapillary_1198084289190103.jpg,18.535492,73.8380157,"Location (18.5355, 73.8380)",mapillary,1769947771348
mapillary_1247468813304361.jpg,18.535494200002,73.8378775,"Location (18.5355, 73.8379)",mapillary,1716431312711
mapillary_1199437558091346.jpg,18.5337124,73.840487300003,"Location (18.5337, 73.8405)",mapillary,1716431344827
mapillary_1174089443031349.jpg,18.53346538721,73.840771380463,"Location (18.5335, 73.8408)",mapillary,1571463635560
mapillary_1116716472921420.jpg,18.533224699998,73.840791799998,"Location (18.5332, 73.8408)",mapillary,1716344723701
mapillary_1145108433266047.jpg,18.533173899999,73.840918200002,"Location (18.5332, 73.8409)",mapillary,1716344724595
mapillary_1195355139253587.jpg,18.5332433,73.8412396,"Location (18.5332, 73.8412)",mapillary,1769947730466
mapillary_1448057208877921.jpg,18.532816630183,73.841707726829,"Location (18.5328, 73.8417)",mapillary,1541597857976
mapillary_1448175602491217.jpg,18.532180599998,73.842521900001,"Location (18.5322, 73.8425)",mapillary,1716344743731
mapillary_1170120220677269.jpg,18.532159299999,73.843032600002,"Location (18.5322, 73.8430)",mapillary,1716259349382
mapillary_1143437902827920.jpg,18.531912922211,73.843180004462,"Location (18.5319, 73.8432)",mapillary,1571463599699
mapillary_1185922429430731.jpg,18.536102700001,73.837264300002,"Location (18.5361, 73.8373)",mapillary,1716259273306
mapillary_1754137068119289.jpg,18.53609547587,73.837097190712,"Location (18.5361, 73.8371)",mapillary,1574129526108
mapillary_1255598596430227.jpg,18.5305079,73.8441943,"Location (18.5305, 73.8442)",mapillary,1768464794968
mapillary_1628594961607756.jpg,18.5306069,73.8441301,"Location (18.5306, 73.8441)",mapillary,1770100478365
mapillary_1436430414543991.jpg,18.5306873,73.8441708,"Location (18.5307, 73.8442)",mapillary,1770100480372
mapillary_1040181899172135.jpg,18.529309,73.8434316,"Location (18.5293, 73.8434)",mapillary,1770100454323
mapillary_1246748613936268.jpg,18.5290988,73.8433981,"Location (18.5291, 73.8434)",mapillary,1768464779956
mapillary_1384359086758525.jpg,18.5291943,73.8434547,"Location (18.5292, 73.8435)",mapillary,1768464780948
mapillary_1268242601879147.jpg,18.5322433,73.8427037,"Location (18.5322, 73.8427)",mapillary,1769947708455
mapillary_995285248180307.jpg,18.532222222222,73.842683,"Location (18.5322, 73.8427)",mapillary,1716431369861
mapillary_461708373017380.jpg,18.532327700002,73.8427402,"Location (18.5323, 73.8427)",mapillary,1716259345315
mapillary_1104608623368110.jpg,18.53326369773,73.841079939191,"Location (18.5333, 73.8411)",mapillary,1571463632511
mapillary_1004122780335085.jpg,18.534679251072,73.838979717089,"Location (18.5347, 73.8390)",mapillary,1571463660110
mapillary_1110620333552666.jpg,18.534633399998,73.839286299997,"Location (18.5346, 73.8393)",mapillary,1716259308324
mapillary_1126559657841741.jpg,18.534658863484,73.839060488878,"Location (18.5347, 73.8391)",mapillary,1574129494748
mapillary_1002290761083412.jpg,18.534944,73.838688600002,"Location (18.5349, 73.8387)",mapillary,1716431322884
mapillary_1054917685033861.jpg,18.534773354369,73.838820770874,"Location (18.5348, 73.8388)",mapillary,1571463666293
mapillary_1160847261084990.jpg,18.534915933068,73.838656064542,"Location (18.5349, 73.8387)",mapillary,1571463675236
mapillary_1182704272460095.jpg,18.527197199972,73.8377602,"Location (18.5272, 73.8378)",mapillary,1663942194068
mapillary_1139283180635181.jpg,18.535679400002,73.837623799998,"Location (18.5357, 73.8376)",mapillary,1716431309420
mapillary_1141496233722395.jpg,18.535618200003,73.8377045,"Location (18.5356, 73.8377)",mapillary,1716431310156
mapillary_1224650519083223.jpg,18.535798,73.8375012,"Location (18.5358, 73.8375)",mapillary,1769947778367
mapillary_953825775377052.jpg,18.52779105814,73.84003962639,"Location (18.5278, 73.8400)",mapillary,1518246476764
mapillary_125121999587333.jpg,18.527768374045,73.840669709011,"Location (18.5278, 73.8407)",mapillary,1518246483622
mapillary_1885374304962992.jpg,18.527782137976,73.840496436373,"Location (18.5278, 73.8405)",mapillary,1518246481640
mapillary_1081272465907316.jpg,18.5269917,73.8389022,"Location (18.5270, 73.8389)",mapillary,1663942212018
mapillary_1229325630974411.jpg,18.526999599972,73.8387821,"Location (18.5270, 73.8388)",mapillary,1663942210068
mapillary_1075691486506451.jpg,18.527023199972,73.838392699972,"Location (18.5270, 73.8384)",mapillary,1663942205068
mapillary_1146761542632406.jpg,18.527046599972,73.8382282,"Location (18.5270, 73.8382)",mapillary,1663942203068
mapillary_1092675187894549.jpg,18.526855018016,73.842419969028,"Location (18.5269, 73.8424)",mapillary,1518246542294
mapillary_1115558778948380.jpg,18.526877977163,73.842336769896,"Location (18.5269, 73.8423)",mapillary,1518246540203
mapillary_1165970401385228.jpg,18.531566700002,73.844603699997,"Location (18.5316, 73.8446)",mapillary,1716431393873
mapillary_1169125204279361.jpg,18.531647100002,73.8446945,Krushi Mahavidyalay,mapillary,1716259384319
mapillary_1156364868951579.jpg,18.53212962963,73.843101700002,"Location (18.5321, 73.8431)",mapillary,1716259350349
mapillary_263572422222391.jpg,18.53473485102,73.838884726822,"Location (18.5347, 73.8389)",mapillary,1571463663615
mapillary_3544788919078806.jpg,18.53474852996,73.838934669841,"Location (18.5347, 73.8389)",mapillary,1574129497331
mapillary_1001281698032261.jpg,18.535248699998,73.83822,"Location (18.5352, 73.8382)",mapillary,1716431315836
mapillary_1011514627173145.jpg,18.531694700002,73.843413399997,Autolines Petrol Pump,mapillary,1716344753822
mapillary_112271124268804.jpg,18.531771269558,73.843551630442,"Location (18.5318, 73.8436)",mapillary,1571463594156
mapillary_199757635323236.jpg,18.532719593043,73.841874117295,"Location (18.5327, 73.8419)",mapillary,1571463623765
mapillary_1001058688099365.jpg,18.532449899998,73.842551300003,"Location (18.5324, 73.8426)",mapillary,1716259343450
mapillary_1007062544385799.jpg,18.532303799998,73.8423568,"Location (18.5323, 73.8424)",mapillary,1716344741581
mapillary_1154754153235695.jpg,18.5348395,73.8389993,"Location (18.5348, 73.8390)",mapillary,1769947759408
mapillary_463310852780377.jpg,18.534870099998,73.838968899999,"Location (18.5349, 73.8390)",mapillary,1716259304343
mapillary_109545041220436.jpg,18.534819211856,73.838768610309,"Location (18.5348, 73.8388)",mapillary,1571463667810
mapillary_1117986398685116.jpg,18.534210273807,73.839771176548,"Location (18.5342, 73.8398)",mapillary,1574129478223
mapillary_1124828438597536.jpg,18.534211299998,73.839750200022,"Location (18.5342, 73.8398)",mapillary,1716431336881
mapillary_157574609670489.jpg,18.527808424471,73.84013324713,"Location (18.5278, 73.8401)",mapillary,1518246477824
mapillary_1067418743970895.jpg,18.5269672,73.8394071,"Location (18.5270, 73.8394)",mapillary,1663942219018
mapillary_1142111556392563.jpg,18.5269742,73.839282999972,"Location (18.5270, 73.8393)",mapillary,1663942217018
mapillary_1033140977221149.jpg,18.533889020081,73.840207208476,"Location (18.5339, 73.8402)",mapillary,1574129449508
mapillary_1073464356511013.jpg,18.533829273562,73.840297024016,"Location (18.5338, 73.8403)",mapillary,1574129448732
mapillary_1169485483497231.jpg,18.533111661915,73.841298029657,"Location (18.5331, 73.8413)",mapillary,1571463630193
mapillary_1379600806038547.jpg,18.533665700003,73.8405725,"Location (18.5337, 73.8406)",mapillary,1716431345891
mapillary_1129628438090895.jpg,18.533122899999,73.841037,"Location (18.5331, 73.8410)",mapillary,1716344725667
mapillary_1120491375111954.jpg,18.534384667396,73.839414280318,"Location (18.5344, 73.8394)",mapillary,1571463650460
mapillary_1005493167595405.jpg,18.534177400002,73.839986899999,"Location (18.5342, 73.8400)",mapillary,1716259315345
mapillary_1125243947996295.jpg,18.534199486614,73.839770439567,"Location (18.5342, 73.8398)",mapillary,1574129468531
mapillary_1126194031240693.jpg,18.534199881437,73.839770910579,"Location (18.5342, 73.8398)",mapillary,1574129469931
mapillary_1193865005216278.jpg,18.5304318,73.8325269,"Location (18.5304, 73.8325)",mapillary,1726351011005
mapillary_1029616665528295.jpg,18.5316698,73.832373,"Location (18.5317, 73.8324)",mapillary,1726351031937
mapillary_1035312244542669.jpg,18.5315182,73.8323902,"Location (18.5315, 73.8324)",mapillary,1726351028884
mapillary_1249355072874543.jpg,18.532619,73.832168,"Location (18.5326, 73.8322)",mapillary,1726351045886
mapillary_1249354125860980.jpg,18.527125699972,73.8379558,"Location (18.5271, 73.8380)",mapillary,1663942199068
mapillary_1183928086217778.jpg,18.5295625,73.8326809,"Location (18.5296, 73.8327)",mapillary,1726350994871
mapillary_1204934830745644.jpg,18.5297162,73.8326653,"Location (18.5297, 73.8327)",mapillary,1726350998248
mapillary_1192067088726456.jpg,18.5292726,73.8322806,M Oswal and Sons,mapillary,1726350981830
mapillary_174947497758281.jpg,18.5343674,73.831594699972,"Location (18.5344, 73.8316)",mapillary,1562350833000
mapillary_1365589057732337.jpg,18.5326811,73.8321568,"Location (18.5327, 73.8322)",mapillary,1726351046811
mapillary_144346997673947.jpg,18.532683999972,73.8320764,"Location (18.5327, 73.8321)",mapillary,1562350708000
mapillary_461312838465123.jpg,18.531623899972,73.8314854,"Location (18.5316, 73.8315)",mapillary,1562350553000
mapillary_1057760762627337.jpg,18.5318956,73.8323371,"Location (18.5319, 73.8323)",mapillary,1726351036214
mapillary_148052993959116.jpg,18.532010599972,73.832311799972,"Location (18.5320, 73.8323)",mapillary,1562350653000
s2.jpg,18.529922,73.853130,Sancheti Hospital,mapillary_manual,
s3.jpg,18.529922,73.853130,Sancheti Hospital,mapillary_manual,
s4.jpg,18.529922,73.853130,Sancheti Hospital,mapillary_manual,
s5.jpg,18.529922,73.853130,Sancheti Hospital,mapillary_manual,
s6.jpg,18.529922,73.853130,Sancheti Hospital,mapillary_manual,
mjpm_1.jpg,18.513426,73.855882,"""Mahatma Jotiba Phule Mandai""",mapillary_manual,
mjpm_2.jpg,18.513426,73.855882,"""Mahatma Jotiba Phule Mandai""",mapillary_manual,
mjpm_3.jpg,18.513426,73.855882,"""Mahatma Jotiba Phule Mandai""",mapillary_manual,
mjpm_4.jpg,18.513426,73.855882,"""Mahatma Jotiba Phule Mandai""",mapillary_manual,
mjpm_1-EDIT.jpg,18.513426,73.855882,Mahatma Jotiba Phule Mandai Pune,mapillary_manual,
